"file","lhs","op","rhs","beta","se","z","pval","level"
"01","E_Scblty","~","E_Scbltylag",0.0255674979375511,0.125905731335418,0.203068578899226,0.839081430442269,"group"
"01","E_EnerLev","~","E_EnerLevlag",-0.0981494381469883,0.124774479255604,-0.786614688616945,0.431507458043117,"group"
"01","A_Cmpn","~","A_Cmpnlag",-0.0600404605211581,0.117738271604047,-0.50994854691832,0.610087509461267,"group"
"01","A_Rspct","~","A_Rspctlag",0.104701290427852,0.124606865642631,0.840252981951516,0.400766557743873,"group"
"01","N_Depr","~","N_Deprlag",-0.0885523438625534,0.125000212943163,-0.708417544079047,0.478686000718042,"group"
"01","N_Anxty","~","N_Anxtylag",0.225503465881657,0.107599303347049,2.0957706868633,0.0361025378626607,"group"
"01","N_EmoVol","~","N_EmoVollag",0.182523949343395,0.107089351005636,1.70440802590903,0.0883048855478328,"group"
"01","C_Prdctv","~","C_Prdctvlag",-0.150559558023012,0.123132340343295,-1.22274584892359,0.221425703998998,"group"
"01","C_Rspnbl","~","C_Rspnbllag",-0.0892810857033537,0.124983793315216,-0.714341302461369,0.475016158412725,"group"
"01","N_EmoVol","~","N_Anxty",0.465532810304142,0.0952588423622793,4.8870298941244,1.02368555143784e-06,"ind"
"01","N_Anxty","~","N_Depr",0.443926586261495,0.0988810778350459,4.48949987177583,7.13905903881873e-06,"ind"
"01","A_Cmpn","~","N_EmoVol",-0.351479099664359,0.109906256469225,-3.19798991391156,0.0013838912054942,"ind"
"01","N_EmoVol","~","N_Deprlag",-0.321681086221091,0.105972065222862,-3.03552719808365,0.00240115565937793,"ind"
"02","E_Scblty","~","E_Scbltylag",-0.142893416790367,0.111453904393869,-1.28208533893432,0.199812711395293,"group"
"02","E_EnerLev","~","E_EnerLevlag",0.0097277127442412,0.116238365281922,0.0836876251713262,0.933304796311145,"group"
"02","A_Cmpn","~","A_Cmpnlag",-0.250845754805849,0.110293957157261,-2.27433815297952,0.0229456628872782,"group"
"02","A_Rspct","~","A_Rspctlag",0.0317327428847723,0.126872305894596,0.250115599783735,0.802497952424772,"group"
"02","N_Depr","~","N_Deprlag",0.29909944541773,0.0883005306717857,3.38728933045133,0.000705869045848129,"group"
"02","N_Anxty","~","N_Anxtylag",0.177908806621126,0.0988776709597922,1.7992819298249,0.0719740950312533,"group"
"02","N_EmoVol","~","N_EmoVollag",0.0136665316322325,0.0899186409243509,0.151987746831385,0.879196599984969,"group"
"02","C_Prdctv","~","C_Prdctvlag",0.232453748536291,0.114906126028528,2.02298829984556,0.0430743538181819,"group"
"02","C_Rspnbl","~","C_Rspnbllag",-0.254372170462141,0.118624676298609,-2.14434448547467,0.0320052948561966,"group"
"02","N_EmoVol","~","N_Anxty",0.705785609800724,0.0634390773702835,11.1254078567563,0,"ind"
"02","N_Anxty","~","A_Cmpn",-0.55552740297038,0.0846944091144274,-6.55919804836029,5.409783732091e-11,"ind"
"02","N_Depr","~","N_EmoVol",0.430942583269897,0.112707989412622,3.82353181452138,0.000131553608121227,"ind"
"02","N_Depr","~","E_EnerLev",-0.564995155022916,0.09859210595038,-5.73063278826066,1.00056662954984e-08,"ind"
"02","E_Scblty","~","N_Anxty",-0.457074804067118,0.10039662129191,-4.55269109841997,5.29640131929909e-06,"ind"
"02","C_Rspnbl","~","N_Depr",-0.703784978920346,0.112394021291486,-6.26176526859137,3.80643516706414e-10,"ind"
"02","E_EnerLev","~","A_Rspct",0.405346383579879,0.106224605863272,3.81593680942081,0.000135667223479796,"ind"
"02","A_Cmpn","~","A_Rspct",0.383033145160633,0.105256955503776,3.6390293005092,0.000273667663792443,"ind"
"02","N_Anxty","~","E_EnerLevlag",-0.32084107715657,0.0955143871957578,-3.35908638034815,0.000782006192909579,"ind"
"02","C_Prdctv","~","N_Depr",-0.359372764351703,0.113788191996186,-3.15826060724955,0.00158713604380822,"ind"
"02","N_Depr","~","C_Rspnbl",0.300569844055194,0.128356560759205,2.34167885363536,0.0191972254761936,"ind"
"02","N_Depr","~","N_Anxty",0.284139395489094,0.110482699684448,2.57179989537393,0.0101171349214839,"ind"
"03","E_Scblty","~","E_Scbltylag",0.014944659773153,0.130159947236182,0.114817653898055,0.908589655812112,"group"
"03","E_EnerLev","~","E_EnerLevlag",0.121652720916947,0.128262208437327,0.948468940298891,0.342890777526637,"group"
"03","A_Cmpn","~","A_Cmpnlag",-0.113524718746404,0.128511055613939,-0.88338484346004,0.377028376983833,"group"
"03","A_Rspct","~","A_Rspctlag",-0.141920983662345,0.115004699947331,-1.23404507578683,0.217186108120479,"group"
"03","N_Depr","~","N_Deprlag",0.154692433895607,0.127073546329295,1.21734568967439,0.223472717383121,"group"
"03","N_Anxty","~","N_Anxtylag",0.500290083873369,0.0976039196473271,5.12571714006025,2.96407330679926e-07,"group"
"03","N_EmoVol","~","N_EmoVollag",0.080640393665007,0.119712315700916,0.673618192020241,0.50055408431512,"group"
"03","C_Prdctv","~","C_Prdctvlag",-0.129602436524795,0.118616575485659,-1.0926165756696,0.274562181874822,"group"
"03","C_Rspnbl","~","C_Rspnbllag",-0.119145044710999,0.128340695924225,-0.928349685600469,0.3532262087418,"group"
"03","N_EmoVol","~","C_Rspnbl",-0.39871679344662,0.110078449149797,-3.62211492373078,0.000292204245197603,"ind"
"03","C_Prdctv","~","C_Rspnbl",0.365306265080147,0.111361894148139,3.2803524749157,0.00103677470118391,"ind"
"03","A_Rspct","~","A_Cmpn",0.313152177661161,0.11048019886732,2.83446428293669,0.00459025888230991,"ind"
"03","A_Rspct","~","N_EmoVol",-0.304375780049607,0.111555329479546,-2.72847367731916,0.00636281681179396,"ind"
"04","E_Scblty","~","E_Scbltylag",-0.404569617074649,0.127094705654015,-3.18321376954909,0.00145650038788525,"group"
"04","E_EnerLev","~","E_EnerLevlag",-0.0986786967239577,0.122296194824904,-0.806882805023001,0.419734006297893,"group"
"04","A_Cmpn","~","A_Cmpnlag",-0.343528345563743,0.128225070859754,-2.67910435346514,0.00738193841277202,"group"
"04","A_Rspct","~","A_Rspctlag",-0.140496331477959,0.1381743275965,-1.01680488642029,0.309246257123095,"group"
"04","N_Depr","~","N_Deprlag",0.171397724531569,0.141579644764445,1.21060993490083,0.226044934837208,"group"
"04","N_Anxty","~","N_Anxtylag",0.277646092049182,0.129369902922307,2.14614130317406,0.0318617068646871,"group"
"04","N_EmoVol","~","N_EmoVollag",0.127759571150461,0.135591288427087,0.942240262132789,0.346069644871242,"group"
"04","C_Prdctv","~","C_Prdctvlag",0.436717836524814,0.118414803563896,3.68803412564178,0.000225993346556486,"group"
"04","C_Rspnbl","~","C_Rspnbllag",-0.10829291767589,0.13886323847509,-0.779853032847969,0.435477386473758,"group"
"04","E_Scblty","~","C_Prdctv",0.453284831953384,0.112273900109035,4.03731260349178,5.40670027318058e-05,"ind"
"04","E_EnerLev","~","E_Scblty",0.487381370555436,0.100074987352626,4.87016170022674,1.1150695924389e-06,"ind"
"04","E_EnerLev","~","C_Rspnbllag",0.432225287490327,0.114730268354228,3.76731697476586,0.000165011433645335,"ind"
"04","C_Rspnbl","~","E_EnerLev",0.376673642480212,0.133208768641179,2.82769404989283,0.00468845907817239,"ind"
"04","E_Scblty","~","C_Prdctvlag",0.37172616999314,0.134397869926781,2.76586355271593,0.00567722838612017,"ind"
"04","N_EmoVol","~","E_EnerLevlag",0.384020261419197,0.12939829272597,2.96773823927063,0.00299999693624797,"ind"
"04","N_EmoVol","~","E_EnerLev",-0.316646842531592,0.128499999215063,-2.4641777779441,0.0137327978414576,"ind"
"04","C_Prdctv","~","N_Deprlag",0.294770366422327,0.12535852297419,2.35141863057063,0.0187019795529444,"ind"
"04","A_Cmpn","~","C_Rspnbllag",0.300223722409395,0.130131651926954,2.30707685612042,0.0210505359217101,"ind"
"04","A_Rspct","~","N_Anxty",-0.307255197617506,0.132828569959916,-2.3131710121567,0.0207132386590174,"ind"
"04","N_Anxty","~","N_Deprlag",-0.30916536934481,0.126691041672173,-2.44030963250589,0.0146746780256239,"ind"
"04","N_Anxty","~","N_EmoVollag",-0.275325202728863,0.128902995589992,-2.13591004203349,0.0326867469255807,"ind"
"04","E_EnerLev","~","A_Rspctlag",-0.236338628564651,0.112122164421856,-2.10786716242326,0.0350424813482999,"ind"
"04","C_Rspnbl","~","A_Cmpnlag",-0.316566049954304,0.12638151549475,-2.50484454720321,0.0122505222692841,"ind"
"04","C_Rspnbl","~","N_EmoVollag",-0.315814872591765,0.123667705275744,-2.55373763010794,0.0106573528958469,"ind"
"04","C_Rspnbl","~","N_Anxtylag",0.245188512259896,0.119244747124136,2.05617872630188,0.039765292051225,"ind"
"05","E_Scblty","~","E_Scbltylag",0.17261243637015,0.142451888831105,1.21172444806825,0.225617877340853,"group"
"05","E_EnerLev","~","E_EnerLevlag",-0.00217288714133387,0.12578250137443,-0.0172749557179311,0.986217265064219,"group"
"05","A_Cmpn","~","A_Cmpnlag",0.129371123354954,0.136071290576554,0.950759875994335,0.34172628522606,"group"
"05","A_Rspct","~","A_Rspctlag",0.167949114294095,0.137806812989907,1.21872867277175,0.222947191465857,"group"
"05","N_Depr","~","N_Deprlag",-0.104589218256351,0.148570547502146,-0.703970066845452,0.481451414878091,"group"
"05","N_Anxty","~","N_Anxtylag",-0.227198844617553,0.145566958583505,-1.56078581862532,0.118574294578767,"group"
"05","N_EmoVol","~","N_EmoVollag",-0.0105309091240703,0.143107525475855,-0.0735873888466267,0.941338706173378,"group"
"05","C_Prdctv","~","C_Prdctvlag",-0.109359170858202,0.137451676513224,-0.795619039595209,0.426253496668414,"group"
"05","C_Rspnbl","~","C_Rspnbllag",-0.143156736032692,0.139176756760497,-1.02859658009594,0.303669285683683,"group"
"05","E_EnerLev","~","E_Scblty",0.524050740241429,0.110295793074766,4.75132120303257,2.02091810352911e-06,"ind"
"05","C_Prdctv","~","N_EmoVollag",-0.47182244197909,0.122022206808006,-3.86669323823551,0.000110321054538787,"ind"
"05","A_Cmpn","~","E_EnerLev",0.377607989404701,0.122553014220314,3.08118075925797,0.00206181439623587,"ind"
"05","E_Scblty","~","N_Deprlag",0.367350400844144,0.134557499877458,2.73006262139747,0.00633222960071134,"ind"
"05","E_EnerLev","~","A_Rspctlag",-0.301761458069639,0.124816771687723,-2.41763549873418,0.0156217165906289,"ind"
"05","N_EmoVol","~","E_Scbltylag",0.40503621187803,0.135700290643627,2.98478514642041,0.00283777570521515,"ind"
"05","C_Rspnbl","~","C_Prdctv",0.366415173477913,0.132309382453835,2.76938163176571,0.0056162807500526,"ind"
"05","N_Anxty","~","E_Scblty",-0.329162862735212,0.141103610204664,-2.33277420937549,0.0196599989643516,"ind"
"05","N_Depr","~","E_Scbltylag",0.316028998386618,0.141747211069411,2.22952533600019,0.0257789714778767,"ind"
"05","A_Cmpn","~","N_Deprlag",0.27817938630146,0.130306549121734,2.13480740742801,0.0327767449822067,"ind"
"05","C_Rspnbl","~","E_EnerLevlag",-0.291966315552379,0.135865552323138,-2.14893555106579,0.0316395091853354,"ind"
"05","N_EmoVol","~","E_EnerLev",-0.294418144007272,0.13758424927352,-2.13991169455716,0.0323619038325493,"ind"
"05","A_Rspct","~","N_EmoVollag",-0.389505146741409,0.13378183393264,-2.91149504601296,0.00359703611442019,"ind"
"05","A_Rspct","~","E_EnerLevlag",-0.383538492828674,0.132638141952612,-2.89161539194135,0.003832668179792,"ind"
"06","E_Scblty","~","E_Scbltylag",-0.121691238735137,0.125571017080237,-0.969102915343742,0.332493843281008,"group"
"06","E_EnerLev","~","E_EnerLevlag",0.122394958453444,0.121167923829835,1.01012672813749,0.312434578199275,"group"
"06","A_Cmpn","~","A_Cmpnlag",-0.323909886167951,0.113716871335948,-2.84838900650934,0.00439411777804866,"group"
"06","A_Rspct","~","A_Rspctlag",-0.0403687261116327,0.133027186695316,-0.303462225387752,0.761537630774055,"group"
"06","N_Depr","~","N_Deprlag",0.111826865515628,0.110616057723407,1.01094603999763,0.312042256741464,"group"
"06","N_Anxty","~","N_Anxtylag",0.117112697602835,0.138107418742632,0.847982669353042,0.396447622493524,"group"
"06","N_EmoVol","~","N_EmoVollag",-0.162569242655164,0.136327361568987,-1.19249166700037,0.233068516233252,"group"
"06","C_Prdctv","~","C_Prdctvlag",0.0732997612128874,0.115501015936763,0.634624385061853,0.525673420312647,"group"
"06","C_Rspnbl","~","C_Rspnbllag",0.0651814453849704,0.123324756632513,0.528534960577299,0.597128088640433,"group"
"06","N_Depr","~","N_Anxty",0.586320117839166,0.0898260568400982,6.52728326795966,6.69733157820929e-11,"ind"
"06","E_EnerLev","~","A_Cmpn",0.506075393430765,0.105628959449717,4.79106673082088,1.65896935566678e-06,"ind"
"06","C_Prdctv","~","C_Rspnbl",0.451123597071448,0.107768741310881,4.18603383118384,2.83871056394602e-05,"ind"
"06","A_Cmpn","~","N_Depr",-0.446177330410325,0.108983935784624,-4.09397336587356,4.2404304297694e-05,"ind"
"06","C_Rspnbl","~","N_Depr",-0.462436826171919,0.110611026995663,-4.18074796638542,2.90551769683844e-05,"ind"
"06","E_Scblty","~","E_EnerLev",0.412475666842303,0.114584588298249,3.59974821193825,0.000318525459210406,"ind"
"06","C_Prdctv","~","E_EnerLev",0.27910320218458,0.114524839348637,2.4370538633539,0.0148074735220298,"ind"
"06","A_Rspct","~","N_Anxtylag",-0.308561862781725,0.126653126780268,-2.43627512897532,0.014839392854155,"ind"
"07","E_Scblty","~","E_Scbltylag",-0.127536935743443,0.139247790357914,-0.915899170935711,0.359719781689767,"group"
"07","E_EnerLev","~","E_EnerLevlag",0.0562546250704499,0.151331229743969,0.371731764590989,0.710092572371487,"group"
"07","A_Cmpn","~","A_Cmpnlag",0.0916316718635725,0.163018415934762,0.56209399004492,0.57405198287394,"group"
"07","A_Rspct","~","A_Rspctlag",-0.158250010131297,0.160281917050293,-0.987322918540094,0.323484358716618,"group"
"07","N_Depr","~","N_Deprlag",0.117041457215816,0.131946034213638,0.887040356410486,0.375057173466336,"group"
"07","N_Anxty","~","N_Anxtylag",0.168348682805737,0.10603815283377,1.58762368361553,0.112371459433483,"group"
"07","N_EmoVol","~","N_EmoVollag",0.272694067105823,0.124261869608989,2.19451122024722,0.0281986782118477,"group"
"07","C_Prdctv","~","C_Prdctvlag",-0.190537337998878,0.143139234103699,-1.33113285949847,0.183145298527879,"group"
"07","C_Rspnbl","~","C_Rspnbllag",-0.206228938044751,0.157406988424999,-1.31016379963978,0.190140429178413,"group"
"07","N_Anxty","~","N_Depr",0.670578302110912,0.0843764222327101,7.9474607285606,1.99840144432528e-15,"ind"
"07","N_Depr","~","E_Scblty",-0.597064320104746,0.106071292880485,-5.62889641382502,1.81366270890493e-08,"ind"
"07","E_Scblty","~","N_EmoVol",-0.50891734219552,0.117780444650599,-4.3208984624336,1.55395172374284e-05,"ind"
"07","N_EmoVol","~","A_Cmpn",-0.340798281806863,0.126258315481123,-2.69921454684556,0.00695033528737032,"ind"
"07","C_Prdctv","~","C_Rspnbl",0.395549095254363,0.133870243538495,2.95472006921852,0.00312952865842742,"ind"
"07","N_Anxty","~","A_Cmpnlag",-0.2850971662393,0.107780027769347,-2.64517621807835,0.00816483844500637,"ind"
"07","E_EnerLev","~","A_Rspctlag",0.392584372614598,0.13958650477927,2.81248085719602,0.00491609496008039,"ind"
"07","N_EmoVol","~","A_Rspctlag",-0.394951734925643,0.12658645331984,-3.12001580396393,0.00180841337159943,"ind"
"07","N_EmoVol","~","C_Rspnbllag",0.315526537386614,0.126151689755027,2.50116774495319,0.0123784531890661,"ind"
"08","E_Scblty","~","E_Scbltylag",0.17806263183553,0.146765701521162,1.21324417074282,0.225036480974331,"group"
"08","E_EnerLev","~","E_EnerLevlag",0.0369656503091994,0.147578637635568,0.250481037780568,0.802215367070649,"group"
"08","A_Cmpn","~","A_Cmpnlag",-0.0324596468472518,0.132601007482156,-0.244791856891584,0.806617599391657,"group"
"08","A_Rspct","~","A_Rspctlag",0.056933767939825,0.123622738817603,0.460544463618679,0.645125464042031,"group"
"08","N_Depr","~","N_Deprlag",0.242067978511173,0.14148862450478,1.71086530354244,0.0871059809595667,"group"
"08","N_Anxty","~","N_Anxtylag",-0.115921476688813,0.169467060304755,-0.684035449014989,0.493952781402231,"group"
"08","N_EmoVol","~","N_EmoVollag",0.117984560004486,0.125516918059437,0.939989300475142,0.347223048946828,"group"
"08","C_Prdctv","~","C_Prdctvlag",0.0283556317101907,0.156048207440862,0.181710717317511,0.855809754797817,"group"
"08","C_Rspnbl","~","C_Rspnbllag",-0.184088788686058,0.141500356019011,-1.3009775654651,0.193266133995001,"group"
"08","N_EmoVol","~","N_Anxty",0.480103077686506,0.110745994909316,4.33517327718836,1.45645349696188e-05,"ind"
"08","A_Rspct","~","N_Anxty",-0.440435257389356,0.121808226441842,-3.61580880253308,0.000299411313602116,"ind"
"08","C_Rspnbl","~","N_Anxty",-0.51701317399636,0.125332224047497,-4.12514162200159,3.70506697555673e-05,"ind"
"08","N_Depr","~","N_EmoVol",0.304089163397102,0.143633719747567,2.11711542339454,0.0342500530188463,"ind"
"08","A_Cmpn","~","N_EmoVol",-0.432353230148684,0.119920983960631,-3.60531756719592,0.000311771444558184,"ind"
"08","N_Anxty","~","N_Deprlag",0.461471621094334,0.136868653853718,3.37163848771059,0.000747224606399088,"ind"
"08","N_EmoVol","~","E_Scbltylag",-0.290811330942896,0.117381504563011,-2.47748852790336,0.0132310662219635,"ind"
"08","E_Scblty","~","N_Depr",-0.366074912603089,0.136310363920223,-2.68559852732357,0.00724000250057943,"ind"
"08","E_EnerLev","~","E_Scblty",0.353591629669369,0.137190938638924,2.57736868905019,0.0099555699251821,"ind"
"08","N_Anxty","~","C_Rspnbllag",-0.375225958765765,0.151432601906262,-2.47784132374634,0.0132179914251098,"ind"
"08","A_Cmpn","~","C_Prdctv",-0.323853228422887,0.125905654319592,-2.57218970961253,0.0101057498797494,"ind"
"08","A_Rspct","~","A_Cmpn",0.289421753553395,0.11566761779249,2.50218478669306,0.0123429483058695,"ind"
"08","A_Rspct","~","N_Depr",0.381461911828635,0.125088271371878,3.0495417967251,0.00229190739357432,"ind"
"08","A_Rspct","~","N_Deprlag",-0.272155758993054,0.126730765955928,-2.14751135559063,0.0317525941351535,"ind"
"08","N_Depr","~","A_Rspctlag",-0.439593101001037,0.136946833044372,-3.20995448546521,0.00132755991431233,"ind"
"08","N_Depr","~","A_Cmpnlag",0.341571604132753,0.138436643294935,2.4673496554308,0.01361173686186,"ind"
"09","E_Scblty","~","E_Scbltylag",-0.229975710324109,0.118092517039528,-1.94741983733933,0.0514844217062538,"group"
"09","E_EnerLev","~","E_EnerLevlag",-0.129505842985395,0.113513170031464,-1.14088825948124,0.253916425737635,"group"
"09","A_Cmpn","~","A_Cmpnlag",-0.202660909024506,0.130493739873133,-1.55303165670272,0.120415571900867,"group"
"09","A_Rspct","~","A_Rspctlag",0.236261351721537,0.112324685812398,2.10337870088625,0.035432678779324,"group"
"09","N_Depr","~","N_Deprlag",-0.149371919477197,0.110817306366481,-1.34791148038929,0.177686855154464,"group"
"09","N_Anxty","~","N_Anxtylag",-0.0315564019350576,0.124195998638306,-0.254085496159653,0.799429508151283,"group"
"09","N_EmoVol","~","N_EmoVollag",0.124913709659297,0.128994047751871,0.968368012604557,0.332860608755318,"group"
"09","C_Prdctv","~","C_Prdctvlag",-0.0110329183875091,0.128843524674525,-0.0856303676523884,0.931760257219582,"group"
"09","C_Rspnbl","~","C_Rspnbllag",0.109911121291551,0.116178095551456,0.946057178591558,0.344119423157898,"group"
"09","N_Depr","~","N_Anxty",0.513290873264508,0.0985335554821285,5.20930023029166,1.89554175245021e-07,"ind"
"09","E_EnerLev","~","N_EmoVol",-0.415470215376006,0.114649239658346,-3.62383751182391,0.000290263998840024,"ind"
"09","A_Rspct","~","N_Depr",-0.451472188620038,0.106261812357402,-4.24867766325641,2.15036070092545e-05,"ind"
"09","E_Scblty","~","N_EmoVol",-0.419509029737464,0.109228581938083,-3.84065253154404,0.00012270769907996,"ind"
"09","N_Anxty","~","N_EmoVol",0.3491328438294,0.120858712097209,2.88876852790377,0.00386753653455774,"ind"
"09","C_Rspnbl","~","N_Depr",-0.337014785554577,0.115845163202207,-2.90918305295422,0.00362374613632288,"ind"
"09","C_Prdctv","~","N_EmoVol",-0.362702558625572,0.119028398822549,-3.04719346150577,0.0023098899084586,"ind"
"09","N_EmoVol","~","A_Rspct",-0.37048925550121,0.126811191033993,-2.92158170332061,0.00348258918780031,"ind"
"09","C_Rspnbl","~","A_Rspctlag",0.296855155253647,0.109852597856717,2.70230437008729,0.0068860693664321,"ind"
"09","C_Rspnbl","~","E_EnerLev",0.261812512528643,0.11810960519324,2.216691115852,0.0266442063017609,"ind"
"09","E_EnerLev","~","N_Depr",-0.239842699943549,0.121936439586956,-1.96694852462467,0.0491891454874969,"ind"
"10","E_Scblty","~","E_Scbltylag",0.0870852547529655,0.146323839781066,0.595154247477822,0.551740370038645,"group"
"10","E_EnerLev","~","E_EnerLevlag",0.02026723617339,0.140347926506005,0.144407093698836,0.885179015561811,"group"
"10","A_Cmpn","~","A_Cmpnlag",0.156628512512816,0.124047943623336,1.26264497369185,0.206716797563206,"group"
"10","A_Rspct","~","A_Rspctlag",-0.116609005891151,0.145436964700885,-0.801783825253619,0.422678016594858,"group"
"10","N_Depr","~","N_Deprlag",-0.186090604576998,0.122382107676295,-1.52057035223821,0.128367691549927,"group"
"10","N_Anxty","~","N_Anxtylag",-0.0193501302684917,0.147387092600654,-0.131287821253934,0.895547625631665,"group"
"10","N_EmoVol","~","N_EmoVollag",-0.00440378394019986,0.147439219441311,-0.029868470254299,0.976171951716938,"group"
"10","C_Prdctv","~","C_Prdctvlag",0.263204428214875,0.128520406503822,2.04795826106454,0.0405640893513768,"group"
"10","C_Rspnbl","~","C_Rspnbllag",0.105491281123247,0.128470573832857,0.821131859039513,0.411571164691201,"group"
"10","A_Cmpn","~","C_Rspnbllag",-0.456638117417768,0.113682899721549,-4.0167704952657,5.90011332872731e-05,"ind"
"10","C_Prdctv","~","A_Cmpnlag",-0.385285508562368,0.123052221809086,-3.13107315656709,0.00174168768068017,"ind"
"10","N_Depr","~","N_EmoVol",0.336572007643603,0.121395688859963,2.77252026661226,0.00556240556252607,"ind"
"10","C_Rspnbl","~","N_Anxtylag",0.403776952864004,0.119106115757675,3.39006062195413,0.000698771694308764,"ind"
"10","E_EnerLev","~","C_Prdctv",0.339201958822768,0.132004906669363,2.56961629216084,0.0101811213720666,"ind"
"10","C_Rspnbl","~","E_Scblty",0.279419547414634,0.124143484839048,2.2507789899478,0.0243995388862792,"ind"
"10","N_Depr","~","C_Rspnbl",-0.313412294037924,0.122221231859947,-2.56430318422139,0.0103383193968813,"ind"
"10","N_Depr","~","N_Anxty",-0.267754364047192,0.120735741290243,-2.21768932037715,0.026576022926637,"ind"
"10","A_Cmpn","~","N_Anxtylag",-0.267684177575611,0.1225283142765,-2.18467200137553,0.0289129045022283,"ind"
"11","E_Scblty","~","E_Scbltylag",-0.619581988530068,0.154022605991782,-4.0226691695057,5.75422959749883e-05,"group"
"11","E_EnerLev","~","E_EnerLevlag",-0.413541446511022,0.104682966880035,-3.95041771203269,7.80149173227329e-05,"group"
"11","A_Cmpn","~","A_Cmpnlag",-0.0616373608350788,0.13268005304272,-0.464556347556124,0.642249198913455,"group"
"11","A_Rspct","~","A_Rspctlag",-0.0264263119545786,0.17110254945486,-0.154447213316073,0.877257129376873,"group"
"11","N_Depr","~","N_Deprlag",0.283709469906857,0.122044630013274,2.32463706003288,0.0200913753859693,"group"
"11","N_Anxty","~","N_Anxtylag",0.0255250567245848,0.145769907361755,0.175105117280755,0.860997037387995,"group"
"11","N_EmoVol","~","N_EmoVollag",0.0351530162660243,0.13280775038662,0.264691000063547,0.7912475111983,"group"
"11","C_Prdctv","~","C_Prdctvlag",0.134898689948516,0.134078710471812,1.0061156575404,0.314359937646357,"group"
"11","C_Rspnbl","~","C_Rspnbllag",-0.094603201557032,0.132956950986257,-0.711532573929215,0.476754272813812,"group"
"11","E_EnerLev","~","N_Anxty",-0.622575890937585,0.0842594758288817,-7.38879378032143,1.48103751484996e-13,"ind"
"11","E_Scblty","~","N_Anxty",-1.06832347745987,0.181521012286739,-5.88539841201578,3.97096244775241e-09,"ind"
"11","N_Depr","~","E_EnerLev",-0.454376885551796,0.110629737174861,-4.10718579972408,4.0050904885236e-05,"ind"
"11","N_EmoVol","~","N_Anxty",0.428600004314463,0.119933096102387,3.57365913366037,0.000352027136941713,"ind"
"11","C_Prdctv","~","N_Anxty",-0.432190721431259,0.121576540865146,-3.55488582218054,0.000378143260916453,"ind"
"11","A_Cmpn","~","N_Anxty",-0.409361547991064,0.121263623316733,-3.37579841995844,0.000736018239422043,"ind"
"11","C_Rspnbl","~","N_Anxty",-0.39593904008049,0.122584492272157,-3.22992764208252,0.00123821551037184,"ind"
"11","E_EnerLev","~","C_Prdctvlag",0.257278711942002,0.111859816053839,2.30001014679098,0.0214476451929975,"ind"
"11","N_Depr","~","N_Anxtylag",0.290976751564687,0.120077460646196,2.42324204724849,0.0153826735421543,"ind"
"11","E_Scblty","~","A_Rspct",-0.975394553729161,0.262636179338066,-3.71386210455655,0.000204120047140766,"ind"
"11","E_Scblty","~","N_Depr",-0.507405998784679,0.146955158705374,-3.4527947385771,0.000554810999837008,"ind"
"11","A_Rspct","~","E_Scblty",0.985970502283499,0.142354608584393,6.9261579381814,4.32431868091498e-12,"ind"
"13","E_Scblty","~","E_Scbltylag",-0.128953935515544,0.108503985197618,-1.1884718822141,0.234647551177877,"group"
"13","E_EnerLev","~","E_EnerLevlag",-0.0229039147484145,0.128445180813125,-0.178316653092166,0.85847430112474,"group"
"13","A_Cmpn","~","A_Cmpnlag",-0.00799993862372514,0.126890796478118,-0.0630458539607696,0.949729990741311,"group"
"13","A_Rspct","~","A_Rspctlag",-0.186455210621423,0.127591278335087,-1.46134761759926,0.143920068266752,"group"
"13","N_Depr","~","N_Deprlag",0.2270446010754,0.121418837530816,1.86992896401086,0.0614936830420714,"group"
"13","N_Anxty","~","N_Anxtylag",0.0284328507978214,0.134730794609951,0.211034536537362,0.832860321920396,"group"
"13","N_EmoVol","~","N_EmoVollag",-0.109104716496331,0.131247535975162,-0.831289636682997,0.405810027609172,"group"
"13","C_Prdctv","~","C_Prdctvlag",-0.204371340124884,0.121680265242841,-1.67957671457253,0.0930397013484394,"group"
"13","C_Rspnbl","~","C_Rspnbllag",0.239402629282826,0.120379852845168,1.9887267148494,0.0467313756105687,"group"
"13","E_Scblty","~","E_EnerLev",0.540451354974019,0.0925499744604197,5.83956244315498,5.23380982997423e-09,"ind"
"13","E_EnerLev","~","N_Deprlag",-0.435788238512758,0.116998309210046,-3.72473962619743,0.0001955169165897,"ind"
"13","C_Prdctv","~","C_Rspnbl",0.432671559830912,0.112071415539528,3.86067720968785,0.000113073199262015,"ind"
"13","N_EmoVol","~","N_Deprlag",0.379033043240783,0.123057751515467,3.08012326385749,0.00206914940932679,"ind"
"13","E_Scblty","~","N_Anxty",-0.276122118802707,0.104340937813148,-2.6463449973699,0.00813667852938882,"ind"
"13","C_Rspnbl","~","N_EmoVollag",-0.311213226718795,0.11786813238396,-2.64035087707171,0.00828202317224913,"ind"
"13","N_Depr","~","C_Prdctv",-0.356160115503314,0.113497140028874,-3.13805365855654,0.00170073739448684,"ind"
"13","N_Depr","~","N_Anxty",0.29998820087282,0.113904729561311,2.63367642439595,0.00844659410598658,"ind"
"13","A_Rspct","~","A_Cmpnlag",0.296395060855274,0.124154619267364,2.38730594644244,0.0169723603036736,"ind"
"13","A_Cmpn","~","N_Anxtylag",-0.305083633080775,0.120609177423972,-2.52952254212238,0.0114217836747448,"ind"
"13","A_Cmpn","~","E_Scblty",0.258184230261122,0.118837385478638,2.17258423535019,0.0298116234557342,"ind"
"14","E_Scblty","~","E_Scbltylag",0.013388861718028,0.180508497458968,0.074173027344995,0.940872707777031,"group"
"14","E_EnerLev","~","E_EnerLevlag",0.0346576494042019,0.200539278093904,0.172822250751163,0.862791146636193,"group"
"14","A_Cmpn","~","A_Cmpnlag",0.179101074940831,0.179850249153414,0.995834455520026,0.31933058610057,"group"
"14","A_Rspct","~","A_Rspctlag",-0.258999466637002,0.153423646058696,-1.68813265288922,0.0913857676183067,"group"
"14","N_Depr","~","N_Deprlag",0.456259798173946,0.198533829799723,2.29814635940994,0.0215534604572374,"group"
"14","N_Anxty","~","N_Anxtylag",0.113893943675995,0.139569832976306,0.816035537531458,0.414479810634546,"group"
"14","N_EmoVol","~","N_EmoVollag",-0.0526439080538832,0.190091415872601,-0.27693995445415,0.781826212732745,"group"
"14","C_Prdctv","~","C_Prdctvlag",0.285377551375346,0.230290961985997,1.23920430447765,0.21526984688971,"group"
"14","C_Rspnbl","~","C_Rspnbllag",0.197453672270398,0.180439666141219,1.09429193975488,0.273826959246982,"group"
"14","A_Rspct","~","E_EnerLev",0.829704387587202,0.123984488816353,6.69200151977209,2.20139462214775e-11,"ind"
"14","E_Scblty","~","C_Rspnbllag",0.590185490133189,0.149506017436751,3.94757013966256,7.89483925773826e-05,"ind"
"14","N_Anxty","~","N_Depr",0.644589422472351,0.136226466348827,4.73174882788041,2.22593738974375e-06,"ind"
"14","A_Rspct","~","N_Deprlag",-0.555984907810004,0.156718307275408,-3.54767045073393,0.000388654179548364,"ind"
"14","N_EmoVol","~","N_Depr",0.653293979415791,0.15820009593726,4.12954224550456,3.63486211356623e-05,"ind"
"14","A_Cmpn","~","N_Depr",-0.692147987292802,0.144303484357832,-4.79647452986284,1.61482479410502e-06,"ind"
"14","C_Rspnbl","~","A_Rspct",0.472220942415588,0.162503390896794,2.90591439236796,0.00366181618129158,"ind"
"14","C_Prdctv","~","N_EmoVollag",-1.05554017289511,0.342919358976709,-3.07810027420121,0.00208324803291182,"ind"
"14","C_Prdctv","~","E_EnerLevlag",-1.31832501909555,0.411548934207661,-3.20332507149768,0.00135850542689453,"ind"
"14","C_Prdctv","~","E_EnerLev",-0.0754362999271794,0.313638536159609,-0.240519869946052,0.809927261306114,"ind"
"14","N_Depr","~","C_Prdctv",-0.828577837071322,0.155787120441549,-5.31865429390359,1.04537547951367e-07,"ind"
"14","N_Anxty","~","E_Scbltylag",-0.293829521636126,0.129086653527066,-2.27621921870116,0.0228328921952938,"ind"
"14","A_Rspct","~","C_Prdctv",-0.48521672910978,0.166094983110672,-2.92132080104112,0.0034855072386859,"ind"
"14","N_Depr","~","A_Cmpnlag",0.414524840239971,0.20649181212347,2.00746381165037,0.0447003001751471,"ind"
"14","N_Anxty","~","C_Prdctv",0.303675163755559,0.14417757441414,2.10625795994648,0.0351819509515026,"ind"
"14","N_Anxty","~","C_Rspnbl",-0.28351116190185,0.131902460962278,-2.14940009332297,0.031602698062756,"ind"
"14","E_EnerLev","~","E_Scblty",0.380191215278846,0.18597458813414,2.04431809255908,0.0409221330133347,"ind"
"14","C_Prdctv","~","E_Scbltylag",0.329241380085631,0.203279425351838,1.61964930546108,0.105307631758404,"ind"
"14","C_Prdctv","~","E_Scblty",0.758788304704543,0.324911792595106,2.33536708115153,0.0195242525779367,"ind"
"14","C_Prdctv","~","A_Cmpn",-0.675293989495436,0.335590513243091,-2.01225589772937,0.0441929688250329,"ind"
"14","C_Prdctv","~","N_Depr",0.703594396791764,0.397070484001731,1.77196348038978,0.0764006195788427,"ind"
"14","C_Prdctv","~","A_Rspct",0.746318802080483,0.43865613088114,1.7013755184074,0.0888724953962046,"ind"
"16","E_Scblty","~","E_Scbltylag",-0.0412184653726801,0.101407194299372,-0.406464902785851,0.684401040003708,"group"
"16","E_EnerLev","~","E_EnerLevlag",-0.0987305315239497,0.101344241365933,-0.974209586980418,0.329952485493272,"group"
"16","A_Cmpn","~","A_Cmpnlag",-0.0320569516997513,0.10347522528824,-0.309803159263038,0.756710648993881,"group"
"16","A_Rspct","~","A_Rspctlag",0.0670373181565577,0.0997882827590316,0.671795488438649,0.501713901285327,"group"
"16","N_Depr","~","N_Deprlag",0.0955721872834401,0.101512379448519,0.941483076277496,0.346457357990032,"group"
"16","N_Anxty","~","N_Anxtylag",-0.0509629574093672,0.100085115904459,-0.509196167170514,0.610614729407437,"group"
"16","N_EmoVol","~","N_EmoVollag",0.0418181072601455,0.102333914134008,0.408643679996291,0.682801170542796,"group"
"16","C_Prdctv","~","C_Prdctvlag",0.0432078723446116,0.0882759874341266,0.489463483791153,0.624513600868197,"group"
"16","C_Rspnbl","~","C_Rspnbllag",-0.148015022278265,0.105470299157526,-1.40338107941834,0.160503232003275,"group"
"16","C_Prdctv","~","C_Rspnbl",0.57858666712614,0.0721976099841406,8.01393103252637,1.11022302462516e-15,"ind"
"16","A_Rspct","~","C_Rspnbl",0.379995625956427,0.0925245600716906,4.10697036183685,4.00882645417155e-05,"ind"
"16","N_Anxty","~","N_EmoVol",0.377104665251616,0.0928166954044416,4.06289691319446,4.84674374858773e-05,"ind"
"16","E_Scblty","~","C_Rspnbl",0.338264252265602,0.0955247268865166,3.54111718809162,0.000398436570050453,"ind"
"16","E_EnerLev","~","N_Depr",-0.339427504298876,0.0961209341484094,-3.53125473973032,0.000413593220610631,"ind"
"16","N_Depr","~","A_Cmpn",-0.329890339862402,0.0961762667972852,-3.43005973144836,0.000603448392644923,"ind"
"16","N_EmoVol","~","E_Scblty",-0.318125608866064,0.097077040835609,-3.27704270883967,0.00104900500684435,"ind"
"16","A_Cmpn","~","N_Anxty",0.281575568317847,0.0995478485061904,2.82854499161112,0.00467601278941432,"ind"
"17","E_Scblty","~","E_Scbltylag",0.180837244239989,0.0834286854897201,2.16756674492098,0.0301916662621915,"group"
"17","E_EnerLev","~","E_EnerLevlag",0.090397510962347,0.11357071676797,0.795957915340386,0.426056496910091,"group"
"17","A_Cmpn","~","A_Cmpnlag",0.08137674363939,0.146465724076711,0.555602644593961,0.57848252317038,"group"
"17","A_Rspct","~","A_Rspctlag",0.120794775655246,0.0995213691289257,1.21375717308271,0.224840464811642,"group"
"17","N_Depr","~","N_Deprlag",0.185986033512752,0.151908789828345,1.22432700387459,0.220828893974163,"group"
"17","N_Anxty","~","N_Anxtylag",0.176676707854942,0.120414571651293,1.46723694177626,0.142311610821779,"group"
"17","N_EmoVol","~","N_EmoVollag",0.0994607842950941,0.11125106115953,0.894020994123114,0.371310658517851,"group"
"17","C_Prdctv","~","C_Prdctvlag",-0.421265499411001,0.105776518637328,-3.9825993976544,6.8165600945802e-05,"group"
"17","C_Rspnbl","~","C_Rspnbllag",-0.156243390030028,0.143842604861843,-1.0862107939445,0.277385742878372,"group"
"17","E_Scblty","~","E_EnerLev",0.751980543507588,0.0604253463623333,12.4447866462929,0,"ind"
"17","A_Rspct","~","A_Cmpn",0.610700751143368,0.0862596091705316,7.07979965381061,1.44373402122255e-12,"ind"
"17","E_EnerLev","~","A_Cmpn",0.62169469377702,0.0893733253104231,6.9561548886949,3.49675843835939e-12,"ind"
"17","N_EmoVol","~","N_Depr",0.452844594887865,0.102020781433491,4.4387485424534,9.04834548998146e-06,"ind"
"17","N_Anxty","~","N_Depr",0.436624705673688,0.109565445901051,3.98505844687573,6.74635181843186e-05,"ind"
"17","N_EmoVol","~","A_Cmpn",-0.383927863917153,0.105669874236283,-3.63327643466927,0.000279844925469508,"ind"
"17","C_Prdctv","~","C_Rspnbl",0.416908740540604,0.104068740329449,4.0060900057097,6.17321337159638e-05,"ind"
"17","A_Rspct","~","C_Prdctvlag",0.41893000267859,0.110216727880823,3.80096570396807,0.000144133252671041,"ind"
"17","A_Rspct","~","N_Deprlag",-0.296697190403596,0.098918721466944,-2.99940381359199,0.00270508520708157,"ind"
"17","C_Prdctv","~","N_EmoVol",0.313434409746317,0.114789144804019,2.73052308457779,0.00632339043876717,"ind"
"17","N_Anxty","~","N_EmoVollag",0.279137682179504,0.117371772528008,2.37823521079477,0.0173957256527617,"ind"
"17","A_Rspct","~","C_Rspnbllag",-0.228498187286382,0.105200309278958,-2.17202961524074,0.0298534291851742,"ind"
"17","N_Depr","~","E_Scblty",-0.48579174163571,0.138586170592777,-3.505340681237,0.000456023341247835,"ind"
"17","E_Scblty","~","C_Prdctv",0.306508395507586,0.08024203233713,3.81979850933756,0.000133560733365901,"ind"
"17","N_Depr","~","A_Cmpnlag",-0.460653978168174,0.135929675748372,-3.3889139779964,0.000701700198567634,"ind"
"17","N_Depr","~","N_EmoVollag",-0.406446811803732,0.160145307907687,-2.5379876383142,0.0111491922506524,"ind"
"17","E_Scblty","~","N_EmoVollag",-0.386456009410712,0.087816776380565,-4.40070821702628,1.07898134413809e-05,"ind"
"17","E_Scblty","~","A_Cmpnlag",-0.344928549058671,0.0882173443380395,-3.90998563430952,9.23016103246965e-05,"ind"
"18","E_Scblty","~","E_Scbltylag",0.0760979687915175,0.100946726988708,0.753842854162377,0.450943588058349,"group"
"18","E_EnerLev","~","E_EnerLevlag",-0.0700692294128116,0.0825560578844921,-0.848747278011368,0.396021932561806,"group"
"18","A_Cmpn","~","A_Cmpnlag",-0.089859079575324,0.0933512288782759,-0.962591287282298,0.335752671629181,"group"
"18","A_Rspct","~","A_Rspctlag",0.0898937171838632,0.0978952789911767,0.918264068607081,0.358480633729351,"group"
"18","N_Depr","~","N_Deprlag",0.148562812482352,0.0992936549439643,1.49619643436625,0.134602473474647,"group"
"18","N_Anxty","~","N_Anxtylag",0.191382247098824,0.0788795664544336,2.42625886146801,0.0152553845825878,"group"
"18","N_EmoVol","~","N_EmoVollag",-0.0562534599988138,0.0850252527849691,-0.661608853325967,0.508221932145658,"group"
"18","C_Prdctv","~","C_Prdctvlag",-0.0234600650502865,0.101478780759852,-0.231181975922675,0.817173431896377,"group"
"18","C_Rspnbl","~","C_Rspnbllag",0.0328109820019596,0.0918969133822419,0.357041175751829,0.721060980726211,"group"
"18","N_Anxty","~","N_Depr",0.563682937235898,0.0665073381473313,8.47549989126301,0,"ind"
"18","N_EmoVol","~","N_Depr",0.549688280890116,0.0712208584314598,7.7180799697762,1.17683640610267e-14,"ind"
"18","C_Rspnbl","~","C_Prdctv",0.433699897140714,0.0827619219922617,5.24033138308781,1.60288491812821e-07,"ind"
"18","E_EnerLev","~","C_Rspnbl",0.45240352961485,0.0746186828938841,6.06287208604603,1.33711997030161e-09,"ind"
"18","E_EnerLev","~","E_Scblty",0.369515675226719,0.0774165504441527,4.7730837024737,1.81426343459634e-06,"ind"
"18","A_Cmpn","~","E_EnerLev",0.379776381797024,0.0878305590116304,4.32396635146925,1.53248680738738e-05,"ind"
"18","A_Rspct","~","C_Prdctv",0.235489620349358,0.095526647501748,2.46517203846234,0.0136947479999885,"ind"
"19","E_Scblty","~","E_Scbltylag",-0.046360692086414,0.0938169614183192,-0.494161091827489,0.621192415566528,"group"
"19","E_EnerLev","~","E_EnerLevlag",0.0566090903463603,0.0956810651134145,0.591643605547862,0.554089267560514,"group"
"19","A_Cmpn","~","A_Cmpnlag",-0.0911053968603321,0.101746177247412,-0.895418376641264,0.370563480767435,"group"
"19","A_Rspct","~","A_Rspctlag",-0.0717209849167754,0.102070097912283,-0.702664016041318,0.482265157714816,"group"
"19","N_Depr","~","N_Deprlag",0.0454081285928715,0.0957537430226784,0.474217792009623,0.635344607098417,"group"
"19","N_Anxty","~","N_Anxtylag",-0.0625367827747149,0.0915426373904657,-0.68314377384574,0.494515997370675,"group"
"19","N_EmoVol","~","N_EmoVollag",0.0415424834537223,0.0863418162470312,0.481139791348213,0.630417149070289,"group"
"19","C_Prdctv","~","C_Prdctvlag",0.059397142322183,0.0914067905970622,0.649811047234077,0.515814282147896,"group"
"19","C_Rspnbl","~","C_Rspnbllag",-0.19800338520536,0.0985755011178004,-2.00864700620431,0.0445745824810562,"group"
"19","C_Prdctv","~","C_Rspnbl",0.458225892192383,0.0814697346447154,5.6244922631782,1.86054391893009e-08,"ind"
"19","N_Anxty","~","C_Rspnbl",-0.443911561590659,0.0822634244589299,-5.39622030702456,6.80593716939626e-08,"ind"
"19","N_EmoVol","~","N_Depr",0.555800336946132,0.0808111895598163,6.87776457658415,6.07980332745228e-12,"ind"
"19","E_Scblty","~","A_Cmpn",0.397015528822896,0.0861836629707437,4.60662166282801,4.09263649259195e-06,"ind"
"19","E_EnerLev","~","E_Scblty",0.380466830249933,0.0886031948007891,4.29405317839109,1.754404231602e-05,"ind"
"19","N_Depr","~","E_EnerLev",-0.352772634821998,0.0899877431906429,-3.92022982590678,8.84645628689285e-05,"ind"
"19","N_EmoVol","~","E_EnerLev",0.33586205158489,0.0897580356845555,3.74186053675728,0.000182662881981654,"ind"
"21","E_Scblty","~","E_Scbltylag",-0.146401983502923,0.117805513106237,-1.24274305711735,0.213962531917498,"group"
"21","E_EnerLev","~","E_EnerLevlag",-0.243289008397196,0.0879044674961374,-2.76765237680196,0.0056461644211534,"group"
"21","A_Cmpn","~","A_Cmpnlag",-0.0424613342628836,0.113635253802368,-0.373663390911517,0.708654765319216,"group"
"21","A_Rspct","~","A_Rspctlag",-0.153742999975265,0.106205525048477,-1.44759888814719,0.147729262302924,"group"
"21","N_Depr","~","N_Deprlag",0.265311293767921,0.106550208228133,2.49001196881632,0.0127738793499179,"group"
"21","N_Anxty","~","N_Anxtylag",-0.13268254856698,0.104668510448417,-1.26764533094573,0.204924635933742,"group"
"21","N_EmoVol","~","N_EmoVollag",-0.138895317861484,0.114358773878218,-1.2145575993093,0.224534868817261,"group"
"21","C_Prdctv","~","C_Prdctvlag",0.0391778969598086,0.115580632159129,0.338965934239478,0.734635393071981,"group"
"21","C_Rspnbl","~","C_Rspnbllag",-0.224964374555549,0.109448091808229,-2.05544355172244,0.0398361825910238,"group"
"21","E_EnerLev","~","E_Scblty",0.377154249513946,0.0884223871898444,4.2653705865709,1.99570666798987e-05,"ind"
"21","A_Rspct","~","N_Deprlag",0.4083019761913,0.0985514942330836,4.14303181670312,3.4274437305859e-05,"ind"
"21","N_Depr","~","N_EmoVol",0.421427387462485,0.100339244528549,4.20002551785786,2.66884899913222e-05,"ind"
"21","N_Anxty","~","A_Cmpn",-0.343628620112371,0.0999059450207773,-3.43952124211334,0.00058274405103953,"ind"
"21","A_Cmpn","~","E_Scblty",0.321712727072314,0.10767014533247,2.98794736534359,0.00280857918619715,"ind"
"21","N_Anxty","~","N_Depr",0.309142387115715,0.102782491281226,3.00773393660854,0.00263203460730654,"ind"
"21","C_Rspnbl","~","E_EnerLev",0.291509394695986,0.10843485652576,2.68833661090089,0.00718089683631296,"ind"
"21","N_EmoVol","~","A_Rspct",-0.293654007688071,0.111127478673018,-2.64249680812177,0.00822972410013767,"ind"
"21","C_Prdctv","~","E_EnerLevlag",0.280849850017837,0.11102634638771,2.52957842129736,0.0114199650372371,"ind"
"21","A_Rspct","~","A_Cmpn",0.241899624055031,0.103122969439859,2.34573951243816,0.0189893735624465,"ind"
"21","E_EnerLev","~","A_Cmpnlag",-0.282275260828908,0.0853454528660731,-3.30744347061891,0.000941517121602287,"ind"
"21","E_EnerLev","~","N_Anxty",-0.291795193555103,0.0870844878787185,-3.35071377994991,0.000806035666029326,"ind"
"21","E_EnerLev","~","N_EmoVollag",-0.269228974469702,0.08792129371208,-3.06215892763542,0.00219746746071703,"ind"
"22","E_Scblty","~","E_Scbltylag",0.0274734628345575,0.0974706674801983,0.28186390372405,0.778047868414392,"group"
"22","E_EnerLev","~","E_EnerLevlag",-0.138968383817338,0.105121751176938,-1.32197554037537,0.186176295935893,"group"
"22","A_Cmpn","~","A_Cmpnlag",0.101117715077689,0.113535019162946,0.890630184617882,0.373127600314089,"group"
"22","A_Rspct","~","A_Rspctlag",-0.310403829320732,0.100262167069937,-3.09592180572171,0.00196202094070119,"group"
"22","N_Depr","~","N_Deprlag",-0.291146157931746,0.0947665811508285,-3.07224502979973,0.00212455248634003,"group"
"22","N_Anxty","~","N_Anxtylag",0.0647158615521863,0.108743527558593,0.595123801895395,0.551760719497616,"group"
"22","N_EmoVol","~","N_EmoVollag",0.16943633886232,0.105731742130457,1.60251155848034,0.109042533647765,"group"
"22","C_Prdctv","~","C_Prdctvlag",0.0530381579440437,0.0967936664481629,0.547950706800097,0.583725750035164,"group"
"22","C_Rspnbl","~","C_Rspnbllag",-0.288787988496411,0.108895317696157,-2.6519780152733,0.00800217521005053,"group"
"22","E_Scblty","~","E_EnerLev",0.532345448572596,0.0833580404363189,6.38625195345468,1.70000902244283e-10,"ind"
"22","N_EmoVol","~","N_Depr",0.443358914610402,0.0881721716736236,5.02833157213742,4.94765817427023e-07,"ind"
"22","C_Prdctv","~","C_Rspnbl",0.486283979363428,0.086293041795934,5.63526292784294,1.74791447982159e-08,"ind"
"22","N_Depr","~","C_Rspnbllag",-0.356070073806542,0.0933196374599475,-3.81559641141305,0.000135854398126911,"ind"
"22","E_EnerLev","~","N_Depr",-0.340464813727331,0.102244711177646,-3.32990146684249,0.00086876721656326,"ind"
"22","C_Rspnbl","~","N_Depr",-0.353343786599437,0.109498958763856,-3.22691458063501,0.00125132809868345,"ind"
"22","N_Anxty","~","N_Depr",0.316376323084508,0.105992914532452,2.98488181479001,0.00283687908289409,"ind"
"22","N_Depr","~","A_Rspct",-0.309916805006358,0.0901359627727148,-3.4383257855451,0.000585323034417939,"ind"
"22","C_Prdctv","~","N_Anxty",0.279978042930295,0.0949545464993908,2.9485480501146,0.00319270503140623,"ind"
"22","N_EmoVol","~","N_Deprlag",-0.287036538235113,0.103995474148144,-2.76008682672308,0.00577860011921794,"ind"
"22","N_Depr","~","A_Cmpnlag",-0.242982555878736,0.09316311719817,-2.60814110976858,0.00910354178081851,"ind"
"22","A_Rspct","~","C_Prdctvlag",0.26462904215655,0.101698210050098,2.60210127617969,0.0092654485979653,"ind"
"23","E_Scblty","~","E_Scbltylag",-0.0626568383970866,0.131933157686557,-0.474913505412681,0.634848624842077,"group"
"23","E_EnerLev","~","E_EnerLevlag",0.216374437274559,0.107221495523201,2.01801361022557,0.0435898438832427,"group"
"23","A_Cmpn","~","A_Cmpnlag",-0.190905422936949,0.11734299388075,-1.62690090497398,0.103758145758172,"group"
"23","A_Rspct","~","A_Rspctlag",-0.00940749817841765,0.119969703306362,-0.0784156159359172,0.937497452059325,"group"
"23","N_Depr","~","N_Deprlag",0.0156130602871355,0.117263971424263,0.133144563479325,0.89407905230154,"group"
"23","N_Anxty","~","N_Anxtylag",-0.147099382776475,0.116375843620308,-1.26400271912448,0.206229050989071,"group"
"23","N_EmoVol","~","N_EmoVollag",0.031658267228831,0.122825864863511,0.257749190400662,0.796600479909474,"group"
"23","C_Prdctv","~","C_Prdctvlag",-0.130525972463428,0.110873970746562,-1.17724630573381,0.23909721129082,"group"
"23","C_Rspnbl","~","C_Rspnbllag",0.055546533959056,0.113469093426697,0.489530076266451,0.624466466770296,"group"
"23","C_Prdctv","~","N_Anxty",-0.518311619197588,0.0958560382823087,-5.40718799238387,6.40219357528338e-08,"ind"
"23","E_EnerLev","~","C_Prdctv",0.4584143506559,0.101322981511997,4.52428801260278,6.05991567437236e-06,"ind"
"23","N_Depr","~","N_Anxty",0.468948896062206,0.103745532396148,4.52018400437277,6.17859056117886e-06,"ind"
"23","N_Anxty","~","N_EmoVol",0.440634821315263,0.105646777500697,4.17083068446984,3.03491300321923e-05,"ind"
"23","A_Rspct","~","C_Prdctv",0.445769161628379,0.10686842231997,4.1711962425507,3.03004770776383e-05,"ind"
"23","A_Cmpn","~","E_EnerLev",0.4102094440209,0.105577613624631,3.88538279979839,0.000102168773115086,"ind"
"23","E_EnerLev","~","E_Scblty",0.358247426140235,0.105452349536891,3.39724461060876,0.000680680917253262,"ind"
"23","C_Rspnbl","~","C_Prdctv",0.4232772632048,0.102553996748118,4.12735999206746,3.66951707855279e-05,"ind"
"23","N_EmoVol","~","E_Scblty",0.374163562852406,0.113964075678526,3.28317112760918,0.00102646334424827,"ind"
"23","C_Rspnbl","~","E_Scbltylag",-0.343131018312084,0.105647207255752,-3.24789483058864,0.00116262234969389,"ind"
"24","E_Scblty","~","E_Scbltylag",0.0411834584690172,0.103417358656247,0.398225781475512,0.690463763316858,"group"
"24","E_EnerLev","~","E_EnerLevlag",-0.0547665182469602,0.107180256782313,-0.5109758074026,0.609367997168337,"group"
"24","A_Cmpn","~","A_Cmpnlag",0.1250495584325,0.109995111045685,1.13686469556417,0.255594852810359,"group"
"24","A_Rspct","~","A_Rspctlag",-0.281412631513318,0.0972025669623864,-2.89511522491185,0.00379019378031531,"group"
"24","N_Depr","~","N_Deprlag",-0.203560811850161,0.0926765801918822,-2.19646442961855,0.028058718446629,"group"
"24","N_Anxty","~","N_Anxtylag",0.00688877095663074,0.108938874541674,0.0632351948339204,0.949579219423816,"group"
"24","N_EmoVol","~","N_EmoVollag",-0.0876359423488399,0.106087015358318,-0.826076047599621,0.408760954048473,"group"
"24","C_Prdctv","~","C_Prdctvlag",-0.131889418640609,0.113461308975893,-1.1624175662263,0.245065891310783,"group"
"24","C_Rspnbl","~","C_Rspnbllag",-0.195035539829308,0.0947161211592676,-2.05915885745945,0.0394790230287587,"group"
"24","C_Rspnbl","~","C_Prdctv",0.503530812873073,0.0835306734622891,6.02809473456954,1.65903801807588e-09,"ind"
"24","A_Rspct","~","E_EnerLev",0.397453952073663,0.0929968770955771,4.27384192337106,1.92133276097906e-05,"ind"
"24","N_Depr","~","A_Cmpn",-0.377048294143962,0.0874232868263365,-4.31290457990851,1.61123669235597e-05,"ind"
"24","N_Depr","~","E_EnerLev",-0.362012031154165,0.0881447244456461,-4.10701869488965,4.00798801021285e-05,"ind"
"24","N_EmoVol","~","C_Rspnbl",-0.387361901053905,0.0985821073826064,-3.92933272921948,8.51819062923642e-05,"ind"
"24","E_EnerLev","~","N_EmoVol",-0.363266490295723,0.100015685915141,-3.63209517559014,0.000281129390665491,"ind"
"24","N_Anxty","~","N_Depr",0.343798901772164,0.102720698540058,3.34692916479819,0.000817120873952248,"ind"
"24","E_Scblty","~","A_Cmpn",0.37905953628009,0.0990867367088845,3.82553254724456,0.000130489692086622,"ind"
"24","E_Scblty","~","N_Anxty",0.291136754742042,0.102222711922851,2.84806330477485,0.00439861740547687,"ind"
"24","A_Cmpn","~","A_Rspct",0.272155997677267,0.106669044396995,2.55140560427609,0.0107289383279678,"ind"
"25","E_Scblty","~","E_Scbltylag",-0.111916448525118,0.111060595395724,-1.00770618171409,0.313595536464373,"group"
"25","E_EnerLev","~","E_EnerLevlag",-0.0572598081701956,0.0964351460860334,-0.593764934198492,0.552669345526714,"group"
"25","A_Cmpn","~","A_Cmpnlag",-0.0937620592831624,0.109311127823517,-0.8577540196506,0.391028304254761,"group"
"25","A_Rspct","~","A_Rspctlag",0.00381895786536179,0.120384053461555,0.0317231207585262,0.974692856465067,"group"
"25","N_Depr","~","N_Deprlag",-0.0860805287773254,0.0976108036101393,-0.881875013765217,0.377844400333619,"group"
"25","N_Anxty","~","N_Anxtylag",0.0743673838535524,0.119719955046548,0.621177846455403,0.534482613869748,"group"
"25","N_EmoVol","~","N_EmoVollag",0.00984131555695828,0.0989720319665282,0.0994353188614593,0.920792641312685,"group"
"25","C_Prdctv","~","C_Prdctvlag",-0.160198716905487,0.105205064061806,-1.52272819121495,0.127826721900917,"group"
"25","C_Rspnbl","~","C_Rspnbllag",-0.11390263192214,0.0975507131136787,-1.16762480033751,0.242958141988496,"group"
"25","E_EnerLev","~","E_Scblty",0.587959317805602,0.0784002033599653,7.49946164177733,6.4170890823334e-14,"ind"
"25","N_Depr","~","N_Anxty",0.582131142768623,0.0797048485200607,7.30358508393762,2.8022029141539e-13,"ind"
"25","N_EmoVol","~","N_Depr",0.571268978610965,0.0813008893622519,7.02660183784172,2.11630712954047e-12,"ind"
"25","A_Cmpn","~","E_Scblty",0.391041467549849,0.101262237179128,3.86167122555388,0.000112614045798098,"ind"
"25","C_Prdctv","~","N_EmoVol",-0.444516990158201,0.0954891140549527,-4.6551588058759,3.23731088358592e-06,"ind"
"25","E_Scblty","~","C_Prdctv",0.343930006368,0.104769884005096,3.28271821271915,0.00102811379775769,"ind"
"25","C_Rspnbl","~","E_EnerLevlag",0.298867436921771,0.0960092982541195,3.11290096226641,0.0018525817387538,"ind"
"25","C_Rspnbl","~","C_Prdctv",0.511684755595023,0.0859403833961584,5.95395011488738,2.61746624374837e-09,"ind"
"26","E_Scblty","~","E_Scbltylag",-0.0675534941190994,0.111293157144936,-0.606986950968831,0.543859572030255,"group"
"26","E_EnerLev","~","E_EnerLevlag",0.0129102502178141,0.111784712374781,0.115492091391978,0.908055088687015,"group"
"26","A_Cmpn","~","A_Cmpnlag",-0.167336880569965,0.0961045940395202,-1.74119543651735,0.081649326910344,"group"
"26","A_Rspct","~","A_Rspctlag",-0.252203990738671,0.0997417944153695,-2.52856881327381,0.0114528632928252,"group"
"26","N_Depr","~","N_Deprlag",0.345487338405665,0.0922165483744821,3.74647874482003,0.000179334191057867,"group"
"26","N_Anxty","~","N_Anxtylag",0.00853067426406348,0.111795269894037,0.0763062182518912,0.939175478820625,"group"
"26","N_EmoVol","~","N_EmoVollag",-0.0755898315495214,0.0927652756234072,-0.814850503505085,0.415157888234289,"group"
"26","C_Prdctv","~","C_Prdctvlag",0.00754473382685467,0.108933095908338,0.0692602534054771,0.944782462917226,"group"
"26","C_Rspnbl","~","C_Rspnbllag",-0.0836388182507832,0.111021346224615,-0.753357990107308,0.451234820115845,"group"
"26","N_Depr","~","N_Anxty",0.369739689114633,0.0913048406331565,4.04950807153992,5.13254077094683e-05,"ind"
"26","N_EmoVol","~","A_Rspct",-0.363600372786975,0.0878900401242631,-4.13699177145555,3.51888723300053e-05,"ind"
"26","N_EmoVol","~","N_Depr",0.346060555048384,0.0888600689483492,3.89444391776845,9.84242592163564e-05,"ind"
"26","A_Cmpn","~","N_Depr",-0.36808866619442,0.0901101360698748,-4.08487526762795,4.41005000344497e-05,"ind"
"26","A_Cmpn","~","C_Prdctv",-0.327722281680343,0.0917464712652713,-3.57204235934898,0.000354208100934894,"ind"
"26","A_Rspct","~","C_Rspnbl",0.30380794965803,0.0982035725047653,3.09365476132029,0.00197707406343994,"ind"
"26","N_EmoVol","~","E_EnerLev",0.247655183636105,0.0902975518472678,2.7426566786107,0.00609443678153543,"ind"
"26","C_Prdctv","~","E_Scbltylag",-0.262070302448411,0.105200394639149,-2.49115322568272,0.0127329194498365,"ind"
"27","E_Scblty","~","E_Scbltylag",0.0503501686482413,0.0975065920546466,0.516377073460049,0.605591075172983,"group"
"27","E_EnerLev","~","E_EnerLevlag",-0.0962323239079201,0.082694055847319,-1.163715129484,0.244539476047747,"group"
"27","A_Cmpn","~","A_Cmpnlag",-0.154497257545593,0.102893213917066,-1.50153009770032,0.133218508033465,"group"
"27","A_Rspct","~","A_Rspctlag",-0.121994012152697,0.0955153691596942,-1.27721866361352,0.20152505964273,"group"
"27","N_Depr","~","N_Deprlag",0.211069390560343,0.100713190869724,2.09574722772281,0.0361046199398605,"group"
"27","N_Anxty","~","N_Anxtylag",0.270417448533827,0.0977011245334956,2.76780282545385,0.00564355879644141,"group"
"27","N_EmoVol","~","N_EmoVollag",-0.0336348264952544,0.12530839313112,-0.268416389794892,0.788378825023185,"group"
"27","C_Prdctv","~","C_Prdctvlag",-0.0448874776355332,0.105196833813737,-0.426699892080515,0.669597929174,"group"
"27","C_Rspnbl","~","C_Rspnbllag",-0.088817612907863,0.0826711337596073,-1.07434855273823,0.282666491582758,"group"
"27","E_EnerLev","~","C_Rspnbl",0.545103803893306,0.0696519464351947,7.82611013463177,5.10702591327572e-15,"ind"
"27","C_Rspnbl","~","C_Prdctv",0.528436551136589,0.0726253994989693,7.27619475806242,3.43280959214098e-13,"ind"
"27","E_Scblty","~","N_Depr",-0.463179192161533,0.101112543707732,-4.58082820565136,4.63138175899047e-06,"ind"
"27","C_Rspnbl","~","N_Anxty",-0.262384705132801,0.0826594270668725,-3.17428652052631,0.0015020533751553,"ind"
"27","E_EnerLev","~","E_Scblty",0.244362635233694,0.0822085400465658,2.97247262991507,0.0029541154763626,"ind"
"27","A_Rspct","~","A_Cmpn",0.317596643071088,0.091501868086963,3.4709307002262,0.000518657834240877,"ind"
"27","E_Scblty","~","A_Cmpn",0.318744110283207,0.101689412612816,3.13448668935508,0.00172155063985802,"ind"
"27","E_Scblty","~","N_EmoVol",0.614167640757398,0.206129575563361,2.97952217229794,0.00288698335532889,"ind"
"27","C_Rspnbl","~","A_Rspct",-0.213160474620609,0.0829412923533182,-2.5700163160296,0.0101693725265304,"ind"
"27","A_Rspct","~","E_EnerLevlag",-0.233974074215544,0.0942838682221655,-2.48159179960902,0.0130797014762594,"ind"
"27","E_Scblty","~","C_Prdctv",0.222420569136968,0.0981456010148919,2.26623064953486,0.0234372649908023,"ind"
"27","N_EmoVol","~","E_Scblty",-0.509958045590625,0.258590079199127,-1.97207119147805,0.0486014801059116,"ind"
"28","E_Scblty","~","E_Scbltylag",0.202833893052106,0.147955037904488,1.37091575876615,0.170401218230201,"group"
"28","E_EnerLev","~","E_EnerLevlag",-0.0603678283192703,0.141720666303093,-0.425963480796539,0.670134456796826,"group"
"28","A_Cmpn","~","A_Cmpnlag",0.0471281293383513,0.12622501244676,0.373366010625108,0.708876053043305,"group"
"28","A_Rspct","~","A_Rspctlag",0.371054111510957,0.133058862034309,2.78864636175289,0.00529288252822546,"group"
"28","N_Depr","~","N_Deprlag",0.389396688895419,0.10872896699246,3.58135186663202,0.000341820927233671,"group"
"28","N_Anxty","~","N_Anxtylag",0.183835796935271,0.14908857759117,1.233064262236,0.21755178953007,"group"
"28","N_EmoVol","~","N_EmoVollag",-0.0504588766886415,0.124285335395348,-0.405992199547381,0.684748331894598,"group"
"28","C_Prdctv","~","C_Prdctvlag",-0.133058438169439,0.137990312856934,-0.964259268745856,0.334915956240074,"group"
"28","C_Rspnbl","~","C_Rspnbllag",-0.0360402095314491,0.135615814633128,-0.265752262219167,0.790430010678563,"group"
"28","N_Depr","~","N_EmoVol",0.552128261137134,0.0984291856919377,5.60939580324455,2.03034193901885e-08,"ind"
"28","N_EmoVol","~","N_Anxty",0.598946087328672,0.099949253394487,5.99250186456829,2.06637063016046e-09,"ind"
"28","A_Cmpn","~","E_Scblty",0.5640325818551,0.104169858370517,5.41454688215969,6.14441033608415e-08,"ind"
"28","C_Rspnbl","~","C_Prdctv",0.471593716694154,0.120625791831587,3.90955955217748,9.24645590032469e-05,"ind"
"28","C_Prdctv","~","A_Cmpn",-0.444805512988041,0.125240086958462,-3.55162251792088,0.000382863699639024,"ind"
"28","E_EnerLev","~","N_Depr",-0.429124071694301,0.127696941007442,-3.36048826470551,0.000778048359947769,"ind"
"29","E_Scblty","~","E_Scbltylag",0.00586372929955298,0.141560397235429,0.041422102608267,0.966959392583462,"group"
"29","E_EnerLev","~","E_EnerLevlag",-0.122852250198612,0.119301157933315,-1.02976578204951,0.303119967192431,"group"
"29","A_Cmpn","~","A_Cmpnlag",-0.112237067583904,0.141055880309588,-0.795692227346829,0.426210945692813,"group"
"29","A_Rspct","~","A_Rspctlag",-0.345630066659973,0.143377940838117,-2.41062233590181,0.0159253294478439,"group"
"29","N_Depr","~","N_Deprlag",-0.443426261642952,0.239677830099305,-1.85009294125881,0.0643001551425362,"group"
"29","N_Anxty","~","N_Anxtylag",-0.202363919778126,0.13773442859277,-1.46923265189158,0.141769696807642,"group"
"29","N_EmoVol","~","N_EmoVollag",-0.321116857067683,0.148146950528528,-2.1675563075856,0.0301924611426676,"group"
"29","C_Prdctv","~","C_Prdctvlag",0.166990802539909,0.103357080693181,1.61566872264539,0.106165956827016,"group"
"29","C_Rspnbl","~","C_Rspnbllag",-0.253721410257292,0.139474856752095,-1.81911934642286,0.0688932241009867,"group"
"29","C_Prdctv","~","C_Rspnbl",0.63946109926214,0.089549623552546,7.14085748095765,9.27480314771856e-13,"ind"
"29","C_Prdctv","~","N_EmoVol",0.399492183237132,0.101700840118198,3.92811094552254,8.56157152742121e-05,"ind"
"29","E_EnerLev","~","E_Scbltylag",-0.332929030525524,0.115135472571856,-2.89162864483615,0.00383250652858314,"ind"
"29","N_EmoVol","~","A_Rspct",-0.528213729927206,0.144166783088868,-3.66390730659227,0.000248396709513932,"ind"
"29","N_EmoVol","~","N_Depr",0.869580269301172,0.229199188889344,3.7939936590308,0.00014824346100184,"ind"
"29","C_Prdctv","~","E_Scbltylag",-0.251173630294203,0.100843362259493,-2.49073042257235,0.0127480803493194,"ind"
"29","N_EmoVol","~","N_Anxtylag",0.31209801952228,0.1352355302696,2.30781081643332,0.0210096610629757,"ind"
"29","A_Rspct","~","E_Scbltylag",-0.401637427745149,0.12938381538722,-3.10423236896462,0.00190773435714031,"ind"
"29","E_Scblty","~","A_Rspct",-0.344067513138265,0.134055693845119,-2.56660126302268,0.0102700633472932,"ind"
"29","E_EnerLev","~","N_EmoVollag",-0.384664538986759,0.113167930473342,-3.39905958673841,0.000676179830595647,"ind"
"29","E_EnerLev","~","N_Depr",0.357825226310984,0.115998110606578,3.08475047084684,0.00203722993084732,"ind"
"29","N_Depr","~","N_EmoVol",-0.868810984757039,0.383359871996201,-2.26630653916132,0.0234326213348406,"ind"
"29","N_Anxty","~","C_Rspnbllag",0.320753833733115,0.133306571962858,2.40613668936355,0.016122231154484,"ind"
"29","N_Depr","~","C_Prdctvlag",0.448611110278987,0.221377443768476,2.02645356564944,0.0427183265264266,"ind"
"29","N_EmoVol","~","C_Rspnbl",-0.299611716392441,0.140036154180254,-2.13953116712119,0.0323926745359153,"ind"
"29","A_Cmpn","~","N_Anxtylag",0.284105583534105,0.136111405782126,2.08730180914357,0.0368608613596659,"ind"
"29","C_Prdctv","~","E_EnerLevlag",0.211474705156821,0.100514368660767,2.10392512010439,0.0353849793473455,"ind"
"29","E_Scblty","~","C_Rspnbl",0.258143015414663,0.130735268548423,1.97454763569823,0.0483195065215429,"ind"
"29","A_Rspct","~","E_EnerLevlag",0.283473844521769,0.127121560973253,2.22994307457736,0.025751222273005,"ind"
"29","A_Rspct","~","N_EmoVollag",-0.292788702637236,0.134102453072404,-2.18332100516577,0.0290121787404276,"ind"
"30","E_Scblty","~","E_Scbltylag",-0.0436929751546669,0.154008683637662,-0.283704620561941,0.776636753474304,"group"
"30","E_EnerLev","~","E_EnerLevlag",-0.126878247373844,0.120961296050699,-1.04891607081215,0.294216748279403,"group"
"30","A_Cmpn","~","A_Cmpnlag",-0.201585686110196,0.13881157170588,-1.45222537021138,0.146438950618321,"group"
"30","A_Rspct","~","A_Rspctlag",-0.187840160022012,0.148858887698084,-1.26186728200596,0.206996546781018,"group"
"30","N_Depr","~","N_Deprlag",0.105095801846041,0.139802578353069,0.751744374704041,0.4522047991837,"group"
"30","N_Anxty","~","N_Anxtylag",0.0653627940848692,0.133389966179275,0.490012824480531,0.624124823943581,"group"
"30","N_EmoVol","~","N_EmoVollag",0.133237000515163,0.151564316840778,0.879078950061392,0.379358470235571,"group"
"30","C_Prdctv","~","C_Prdctvlag",-0.249326452288277,0.120808992560749,-2.06380706438639,0.0390360130076073,"group"
"30","C_Rspnbl","~","C_Rspnbllag",-0.141507072240817,0.131717793918192,-1.07432009018238,0.282679243746007,"group"
"30","C_Prdctv","~","N_Depr",-0.555694781585848,0.102915561910449,-5.39952142582074,6.68189039654266e-08,"ind"
"30","C_Rspnbl","~","N_EmoVol",-0.516971721718746,0.113677648407891,-4.54769894486014,5.42356431454394e-06,"ind"
"30","E_EnerLev","~","A_Cmpn",0.47103141552514,0.11046140702869,4.26421705277393,2.00604369187118e-05,"ind"
"30","N_Anxty","~","C_Prdctv",-0.513737781819682,0.117712553488062,-4.36434149626854,1.27506260301224e-05,"ind"
"30","N_Depr","~","C_Rspnbl",-0.419391046566849,0.128896343120258,-3.25370787420682,0.00113909350803465,"ind"
"30","E_EnerLev","~","E_Scblty",0.371805528027804,0.117152159006519,3.1736976183863,0.00150510402909432,"ind"
"30","A_Cmpn","~","N_Anxty",-0.347621128230249,0.133890105083528,-2.59631679289059,0.00942291422383557,"ind"
"31","E_Scblty","~","E_Scbltylag",-0.20743808606416,0.0905914847193505,-2.28981881362025,0.0220318220795055,"group"
"31","E_EnerLev","~","E_EnerLevlag",0.0863215223251101,0.0784838224510831,1.09986389078988,0.271391429707738,"group"
"31","A_Cmpn","~","A_Cmpnlag",0.00849409718541836,0.141411120539552,0.0600666846639025,0.952102523820158,"group"
"31","A_Rspct","~","A_Rspctlag",0.266584847804892,0.131370670928945,2.02925695606047,0.042432125054038,"group"
"31","N_Depr","~","N_Deprlag",-0.0251841243001048,0.0557722282040633,-0.451553131568625,0.651590940672484,"group"
"31","N_Anxty","~","N_Anxtylag",-0.29899426296408,0.117297031130361,-2.54903521498157,0.0108021392009525,"group"
"31","N_EmoVol","~","N_EmoVollag",0.00864018916378802,0.0876917964476161,0.0985290473430928,0.921512207726426,"group"
"31","C_Prdctv","~","C_Prdctvlag",-0.0271936903594599,0.141316707549508,-0.192430823156087,0.847404750160189,"group"
"31","C_Rspnbl","~","C_Rspnbllag",0.00571229265467906,0.130576919873279,0.0437465722137011,0.965106415470183,"group"
"31","N_Anxty","~","N_Depr",0.33365519273759,0.142930217267694,2.33439225879498,0.0195751917666436,"ind"
"31","N_EmoVol","~","N_Depr",0.71737956042068,0.0758205627074093,9.46154360775505,0,"ind"
"31","N_Depr","~","C_Prdctv",-0.410938942758537,0.0839711659186621,-4.89381013426191,9.8902259204614e-07,"ind"
"31","E_EnerLev","~","N_Depr",-0.683524148319952,0.0655779792698251,-10.4230742686893,0,"ind"
"31","E_Scblty","~","C_Prdctv",0.733269623429223,0.0639212499243392,11.4714531442543,0,"ind"
"31","E_EnerLev","~","C_Rspnbl",0.316563163708045,0.0799502173532762,3.95950347838639,7.51057506165331e-05,"ind"
"31","N_Depr","~","N_Anxty",0.376822789579957,0.0834713025525384,4.51439929720491,6.34964845747099e-06,"ind"
"31","N_Depr","~","E_Scblty",-0.254697969203848,0.0826878262181649,-3.08023539682672,0.00206837049818698,"ind"
"31","C_Rspnbl","~","C_Prdctv",0.385011727560583,0.120501460086349,3.1950793565878,0.00139792397012184,"ind"
"31","N_Anxty","~","N_EmoVollag",0.356789252187298,0.118167142321524,3.01936092536197,0.00253308562374177,"ind"
"31","N_Anxty","~","N_EmoVol",0.376403527068588,0.128362045225671,2.93235844292477,0.00336398240083202,"ind"
"32","E_Scblty","~","E_Scbltylag",-0.283688133200104,0.102315311718057,-2.77268503058314,0.00555959028765596,"group"
"32","E_EnerLev","~","E_EnerLevlag",-0.0670626516551626,0.0961214934151805,-0.697686326673024,0.485373381046266,"group"
"32","A_Cmpn","~","A_Cmpnlag",-0.206951456123076,0.088491885078883,-2.33864897259897,0.0193536080537624,"group"
"32","A_Rspct","~","A_Rspctlag",-0.143999094811155,0.106684621304173,-1.34976431514523,0.177091594744778,"group"
"32","N_Depr","~","N_Deprlag",0.234209785709319,0.0964360816786263,2.42865306877382,0.0151550263549918,"group"
"32","N_Anxty","~","N_Anxtylag",0.0432805171413121,0.103559379751341,0.417929474328971,0.675998681968192,"group"
"32","N_EmoVol","~","N_EmoVollag",-0.18861329809998,0.10207143037179,-1.84785593199749,0.0646231870230289,"group"
"32","C_Prdctv","~","C_Prdctvlag",0.0984839168238573,0.107364179418676,0.917288404355149,0.358991532031991,"group"
"32","C_Rspnbl","~","C_Rspnbllag",-0.226560673457543,0.0980714325154855,-2.31015972384994,0.0208793129421156,"group"
"32","A_Cmpn","~","A_Rspct",0.567979443431301,0.0751149424640927,7.56147079128515,3.97459842815806e-14,"ind"
"32","E_EnerLev","~","A_Cmpn",0.557656098210954,0.0817770380327776,6.81922592974614,9.15334474882457e-12,"ind"
"32","N_Depr","~","C_Rspnbl",-0.380280207208807,0.0997907514664456,-3.81077606512138,0.000138531214483928,"ind"
"32","C_Rspnbl","~","C_Prdctv",0.486662277608204,0.0881057718883289,5.523614028659,3.32096585786701e-08,"ind"
"32","N_Anxty","~","N_Depr",0.481332365836067,0.0884815079787265,5.43992046283606,5.33043633677011e-08,"ind"
"32","N_EmoVol","~","N_Depr",0.469322962145385,0.0891707168097272,5.26319602372187,1.41572491729747e-07,"ind"
"32","C_Prdctv","~","E_EnerLev",0.382844564280442,0.101295749776551,3.77947312819107,0.000157160552092694,"ind"
"32","A_Rspct","~","E_Scblty",0.344099262270222,0.102034420192121,3.37238415842729,0.000745204272467603,"ind"
"32","N_Depr","~","E_EnerLev",-0.341868216337679,0.100254258409312,-3.41001192130832,0.000649600399612371,"ind"
"32","E_Scblty","~","C_Prdctv",0.315762388162495,0.102712129339229,3.07424634455413,0.00211035095001644,"ind"
"33","E_Scblty","~","E_Scbltylag",0.14342148854811,0.0923024975410163,1.55382023638502,0.120227302098101,"group"
"33","E_EnerLev","~","E_EnerLevlag",0.0682122845704452,0.0905918127749911,0.752963015983228,0.451472138712238,"group"
"33","A_Cmpn","~","A_Cmpnlag",-0.00272762704215074,0.0952502695197675,-0.0286364233498014,0.977154562355415,"group"
"33","A_Rspct","~","A_Rspctlag",0.0752511524696845,0.0961416145770834,0.782711553167754,0.433796516292634,"group"
"33","N_Depr","~","N_Deprlag",0.0432497346328617,0.0724984675879875,0.596560673235911,0.55080073421425,"group"
"33","N_Anxty","~","N_Anxtylag",0.334906889108345,0.0871602818673651,3.84242549396507,0.000121824401772219,"group"
"33","N_EmoVol","~","N_EmoVollag",-0.214823971964771,0.0948952646504304,-2.26380075714132,0.0235863719429572,"group"
"33","C_Prdctv","~","C_Prdctvlag",0.0829926682685399,0.092513450806124,0.897087586133434,0.369672182295642,"group"
"33","C_Rspnbl","~","C_Rspnbllag",-0.121625519988021,0.0988723991976577,-1.23012611178653,0.21864988332787,"group"
"33","N_Depr","~","N_Anxty",0.668015238766838,0.0559078915866373,11.9484963537152,0,"ind"
"33","N_EmoVol","~","N_Anxty",0.458224259830747,0.078845779337654,5.81165236338675,6.18591955436898e-09,"ind"
"33","A_Cmpn","~","C_Rspnbllag",-0.410337080129219,0.0869915997654919,-4.71697360705387,2.3937872974944e-06,"ind"
"33","E_EnerLev","~","E_Scblty",0.353509107369793,0.0856472791529699,4.12749956409485,3.66729126755061e-05,"ind"
"33","E_Scblty","~","N_EmoVol",-0.362349091392876,0.0890056889898245,-4.07107787721637,4.67961002912354e-05,"ind"
"33","A_Rspct","~","A_Cmpn",0.372953815541001,0.0894246347824601,4.17059366748628,3.03807148240853e-05,"ind"
"33","N_Anxty","~","A_Cmpn",-0.362632945542397,0.0862045302884757,-4.20665763538039,2.5917532154196e-05,"ind"
"33","C_Prdctv","~","C_Rspnbl",0.317843754487078,0.0898904536769136,3.53590110502145,0.000406386795188229,"ind"
"33","N_EmoVol","~","N_Anxtylag",0.319134304512115,0.0946842050470833,3.37051258288983,0.000750284794359235,"ind"
"33","N_Depr","~","A_Rspct",-0.20797659555796,0.0693402222518658,-2.99936442087714,0.00270543501782772,"ind"
"33","E_Scblty","~","C_Rspnbllag",-0.277184802311008,0.091679816870991,-3.02340047974849,0.002499512254728,"ind"
"33","C_Prdctv","~","E_Scblty",0.273450146991471,0.0907567631822963,3.01300021511579,0.0025867873423826,"ind"
"33","C_Rspnbl","~","N_EmoVol",-0.288643122825192,0.0971355199085953,-2.9715507066499,0.00296299940825895,"ind"
"33","E_EnerLev","~","N_Anxty",-0.244368696202135,0.0900920758567701,-2.71243274037371,0.00667913345052384,"ind"
"34","E_Scblty","~","E_Scbltylag",0.0375226117117386,0.101918334401396,0.368163509854462,0.712751317271224,"group"
"34","E_EnerLev","~","E_EnerLevlag",-0.0641305248456496,0.101642287881678,-0.63094334240394,0.528077570870432,"group"
"34","A_Cmpn","~","A_Cmpnlag",-0.15501894959347,0.0996094383848727,-1.55626768012189,0.11964445345729,"group"
"34","A_Rspct","~","A_Rspctlag",0.0173960963911133,0.102031229809652,0.170497762533757,0.864618693842107,"group"
"34","N_Depr","~","N_Deprlag",-0.205237582397292,0.0977629678864227,-2.09933870497599,0.0357870537988949,"group"
"34","N_Anxty","~","N_Anxtylag",-0.00214212774584222,0.102061625287569,-0.020988571755609,0.983254772086958,"group"
"34","N_EmoVol","~","N_EmoVollag",-0.0987018488143284,0.101067768833254,-0.976590756417817,0.328771797143506,"group"
"34","C_Prdctv","~","C_Prdctvlag",-0.225805540433423,0.0854136929399098,-2.64366909638576,0.00820127893673206,"group"
"34","C_Rspnbl","~","C_Rspnbllag",-0.0846426795454185,0.101330815166819,-0.835310358513085,0.403542986636836,"group"
"34","C_Prdctv","~","N_Anxty",-0.471543781570759,0.0773482781695706,-6.09637076260436,1.0850358389547e-09,"ind"
"35","E_Scblty","~","E_Scbltylag",-0.0170691759273498,0.0989816158557558,-0.172447941769554,0.863085384592108,"group"
"35","E_EnerLev","~","E_EnerLevlag",0.0785731906990905,0.100907842244674,0.778662876454855,0.436178329875516,"group"
"35","A_Cmpn","~","A_Cmpnlag",0.0501057712640414,0.101279606837011,0.494727150201879,0.620792733918334,"group"
"35","A_Rspct","~","A_Rspctlag",0.0578240472576876,0.101195082867709,0.571411630081671,0.567720647333777,"group"
"35","N_Depr","~","N_Deprlag",-0.0481650987876482,0.101298973240969,-0.475474698771859,0.634448662885204,"group"
"35","N_Anxty","~","N_Anxtylag",-0.0781894600013614,0.0969060114269025,-0.806858716503266,0.419747885948779,"group"
"35","N_EmoVol","~","N_EmoVollag",0.17363685274613,0.0878861864450808,1.97570129925519,0.048188617691578,"group"
"35","C_Prdctv","~","C_Prdctvlag",-0.0531032184165634,0.101248229480119,-0.52448540274959,0.59994097003305,"group"
"35","C_Rspnbl","~","C_Rspnbllag",0.0372093693508769,0.101394086442067,0.366977707049385,0.713635646847866,"group"
"35","N_EmoVol","~","N_Depr",0.454752255867083,0.079411715433686,5.72651344179601,1.02515642641521e-08,"ind"
"35","N_Anxty","~","N_EmoVol",0.285642257298561,0.0939671735001793,3.03980897433311,0.00236728244907813,"ind"
"35","E_Scblty","~","E_EnerLev",0.252209338551511,0.0957380497417971,2.63436887665576,0.00842938548633132,"ind"
"36","E_Scblty","~","E_Scbltylag",0.0658836485472031,0.287424438991083,0.229220760692681,0.818697337410923,"group"
"36","E_EnerLev","~","E_EnerLevlag",-0.129758444201229,0.0584485775499391,-2.22004451845491,0.0264157457831704,"group"
"36","A_Cmpn","~","A_Cmpnlag",0.195725535877675,0.151096650561263,1.29536647669312,0.195193836777492,"group"
"36","A_Rspct","~","A_Rspctlag",0.00845034255907521,0.288654373348658,0.0292749507344837,0.976645304755817,"group"
"36","N_Depr","~","N_Deprlag",-0.119833223175401,0.226183552687762,-0.529805203567683,0.596246997031672,"group"
"36","N_Anxty","~","N_Anxtylag",0.424418325489593,0.208166455847947,2.03884109839294,0.0414658890609354,"group"
"36","N_EmoVol","~","N_EmoVollag",-0.423836445222361,0.154177106115874,-2.749023223356,0.00597731510685784,"group"
"36","C_Prdctv","~","C_Prdctvlag",0.0972353971325285,0.147863681162042,0.657601625824326,0.510794149573879,"group"
"36","C_Rspnbl","~","C_Rspnbllag",0.728034786341842,0.24453575545594,2.97721200314617,0.00290882789893154,"group"
"36","C_Prdctv","~","A_Rspct",0.762807404609345,0.132007323241385,5.77852338702827,7.535907009526e-09,"ind"
"36","N_EmoVol","~","N_Anxtylag",0.505983624365063,0.164006597394402,3.08514189309273,0.00203455064812164,"ind"
"36","A_Cmpn","~","C_Rspnbl",-0.760347804757992,0.117182512051223,-6.48857744597271,8.66506866259442e-11,"ind"
"36","N_EmoVol","~","N_Depr",0.564057636243006,0.13129396885235,4.29614277924168,1.73795667337551e-05,"ind"
"36","C_Prdctv","~","N_EmoVol",-0.351628415878064,0.150588845152242,-2.33502299272283,0.0195422196261175,"ind"
"36","E_EnerLev","~","A_Cmpn",-0.88378018654079,0.167401849944554,-5.27939318970199,1.29612406585267e-07,"ind"
"36","N_EmoVol","~","A_Rspctlag",0.313328524137792,0.124258235146181,2.52159161740212,0.0116825248839452,"ind"
"36","C_Prdctv","~","A_Rspctlag",-0.384145014354508,0.160740668431628,-2.38984333027025,0.0168555613224135,"ind"
"36","N_Anxty","~","C_Rspnbllag",0.963814241676076,0.230606349753968,4.17947833051588,2.92178557330658e-05,"ind"
"36","E_EnerLev","~","C_Rspnbllag",0.39631762553581,0.108982506373427,3.6365251518242,0.000276340671657493,"ind"
"36","N_Anxty","~","E_EnerLev",-0.583482646677868,0.211000200617805,-2.76531797111776,0.00568673335761405,"ind"
"36","N_Depr","~","E_EnerLev",-0.614776351043737,0.182460581047282,-3.36936530353603,0.000753415046677031,"ind"
"36","A_Cmpn","~","C_Prdctvlag",0.349874452247093,0.150888619655673,2.31875971193523,0.0204080688146222,"ind"
"36","C_Rspnbl","~","N_Anxtylag",-0.651984666789762,0.174843379212907,-3.72896400038024,0.000192268614523483,"ind"
"36","E_EnerLev","~","A_Rspctlag",0.642641144794604,0.176641530101736,3.63810902466977,0.000274647166531139,"ind"
"36","E_EnerLev","~","N_Deprlag",0.60784037224412,0.175007168525056,3.47323128170659,0.000514232016467275,"ind"
"36","E_EnerLev","~","E_Scblty",-0.27652699914355,0.0856577900660979,-3.2282761314548,0.00124538694628318,"ind"
"36","E_EnerLev","~","N_Anxtylag",-0.179788870252678,0.0799962685923576,-2.24746570579236,0.0246102799101013,"ind"
"36","A_Cmpn","~","E_Scblty",-0.344662299142322,0.14386281662425,-2.39577054884538,0.016585469123362,"ind"
"36","C_Rspnbl","~","A_Cmpnlag",1.34495653117679,0.380734282886816,3.5325332958698,0.000411598391362622,"ind"
"36","C_Rspnbl","~","E_Scbltylag",0.758487016757283,0.229090479537449,3.31086223351021,0.000930089867293704,"ind"
"36","C_Rspnbl","~","N_Deprlag",-0.473712512164518,0.147315864384989,-3.21562456387275,0.00130160992766548,"ind"
"37","E_Scblty","~","E_Scbltylag",0.170328121623766,0.148074263198766,1.15028849676009,0.250025067092323,"group"
"37","E_EnerLev","~","E_EnerLevlag",-0.0274833214938443,0.152383213568037,-0.180356620984196,0.856872607262147,"group"
"37","A_Cmpn","~","A_Cmpnlag",-0.251276353103385,0.142869700170163,-1.75877987287791,0.0786149046832072,"group"
"37","A_Rspct","~","A_Rspctlag",-0.308715902893044,0.122910776522412,-2.51170736714653,0.0120148673332918,"group"
"37","N_Depr","~","N_Deprlag",0.309291377585104,0.137910286609141,2.24269983907498,0.0249161770298922,"group"
"37","N_Anxty","~","N_Anxtylag",0.338587490082831,0.135015871044622,2.50776066149237,0.0121498931740776,"group"
"37","N_EmoVol","~","N_EmoVollag",0.220313731041445,0.137003477827677,1.60808860136058,0.107815775296086,"group"
"37","C_Prdctv","~","C_Prdctvlag",-0.0519525839312219,0.140776432827695,-0.369043190594337,0.712095531970008,"group"
"37","C_Rspnbl","~","C_Rspnbllag",0.101500745557577,0.146384518025646,0.69338442976459,0.488068330867652,"group"
"37","C_Rspnbl","~","A_Rspctlag",-0.367055817158448,0.137483109153206,-2.66982482007601,0.00758908296156413,"ind"
"37","N_EmoVol","~","C_Prdctvlag",-0.363399432591791,0.131285387534169,-2.76801127236807,0.00563995049067834,"ind"
"37","N_EmoVol","~","N_Anxtylag",0.308952561053759,0.137805777943706,2.24194199738104,0.0249651212708426,"ind"
"37","C_Prdctv","~","E_Scbltylag",-0.29273245437206,0.135453930731682,-2.16112188690876,0.0306859253007634,"ind"
"37","C_Prdctv","~","C_Rspnbl",0.286849378494533,0.133329859119494,2.15142639757423,0.0314425594850238,"ind"
"37","A_Rspct","~","A_Cmpn",0.314294922755962,0.122458332593668,2.56654582909301,0.0102717050773848,"ind"
"37","A_Rspct","~","N_Deprlag",-0.268210442425473,0.125572562383792,-2.13590005120491,0.032687561435228,"ind"
"38","E_Scblty","~","E_Scbltylag",-0.000987738696794585,0.106604480521278,-0.00926545199568262,0.992607344678789,"group"
"38","E_EnerLev","~","E_EnerLevlag",-0.202639060235418,0.0759166150225981,-2.66923202746986,0.00760249110626154,"group"
"38","A_Cmpn","~","A_Cmpnlag",-0.0322737651960709,0.117728460285162,-0.274137325145487,0.783979090813739,"group"
"38","A_Rspct","~","A_Rspctlag",-0.178998958549559,0.0967666793209422,-1.84979953642803,0.0643424477134931,"group"
"38","N_Depr","~","N_Deprlag",-0.00336269846359773,0.0761028508139672,-0.0441862351755759,0.964755954076276,"group"
"38","N_Anxty","~","N_Anxtylag",0.0705237686333247,0.117264854718067,0.60140584152755,0.547569708877143,"group"
"38","N_EmoVol","~","N_EmoVollag",-0.0053413489970929,0.0904695284939898,-0.0590403098812187,0.952920001450087,"group"
"38","C_Prdctv","~","C_Prdctvlag",0.0212864121661471,0.0859501292190605,0.24766003680919,0.804397454699376,"group"
"38","C_Rspnbl","~","C_Rspnbllag",-0.217562447410184,0.112273076584972,-1.93779714627776,0.0526479760784655,"group"
"38","C_Prdctv","~","C_Rspnbl",0.694264153685109,0.0625359379558288,11.1018428183725,0,"ind"
"38","E_EnerLev","~","N_Anxty",-0.637234536792545,0.0643329012516564,-9.90526658046745,0,"ind"
"38","N_EmoVol","~","E_EnerLev",-0.640168475205531,0.0681330151525929,-9.39586298612778,0,"ind"
"38","N_Depr","~","N_Anxty",0.666105765301423,0.0584974801479361,11.3869138229012,0,"ind"
"38","A_Rspct","~","A_Cmpn",0.527220271230509,0.0836312121600276,6.30410892791649,2.89856583179926e-10,"ind"
"38","E_EnerLev","~","E_Scblty",0.389673845614242,0.0751725450485757,5.18372559240131,2.17496866961042e-07,"ind"
"38","N_Depr","~","A_Cmpn",0.376706947728242,0.0732034647267167,5.14602620428644,2.66062272880063e-07,"ind"
"38","E_Scblty","~","A_Rspct",0.443159835744621,0.0955271008581781,4.6391006506368,3.49928611442785e-06,"ind"
"39","E_Scblty","~","E_Scbltylag",-0.120899452654937,0.124808381390289,-0.968680559015278,0.332704595344014,"group"
"39","E_EnerLev","~","E_EnerLevlag",0.0432755023256806,0.132205050514217,0.327336226243693,0.743413595700321,"group"
"39","A_Cmpn","~","A_Cmpnlag",-0.181390246326784,0.108446066818378,-1.67263093672702,0.0943999727474298,"group"
"39","A_Rspct","~","A_Rspctlag",0.0417185628133963,0.111895824305314,0.372833955801288,0.709272028952798,"group"
"39","N_Depr","~","N_Deprlag",-0.0928254859918445,0.0848380238832547,-1.09414955397336,0.27388939195289,"group"
"39","N_Anxty","~","N_Anxtylag",0.0529409761577632,0.110133373216147,0.480698761980725,0.630730611161619,"group"
"39","N_EmoVol","~","N_EmoVollag",0.0264305634378575,0.104034383521565,0.254056039389887,0.799452264778897,"group"
"39","C_Prdctv","~","C_Prdctvlag",-0.070180481805914,0.113800935223858,-0.616695123531822,0.537435838303521,"group"
"39","C_Rspnbl","~","C_Rspnbllag",-0.0331569239840901,0.114831342319419,-0.288744547563151,0.772776869913128,"group"
"39","N_Depr","~","N_EmoVol",0.365320353146436,0.0999303637967856,3.65574925644559,0.000256431910069299,"ind"
"39","N_EmoVol","~","E_Scblty",0.527583155280244,0.0910100564820067,5.79697646253577,6.75211642153783e-09,"ind"
"39","A_Cmpn","~","C_Rspnbl",0.499892875301267,0.0962157792703927,5.19553943326106,2.04127059477699e-07,"ind"
"39","C_Prdctv","~","N_EmoVol",-0.481437237828673,0.0997734335371306,-4.82530490092341,1.39789246778044e-06,"ind"
"39","C_Rspnbl","~","C_Prdctv",0.478332484470464,0.101193829899172,4.72689377353411,2.27980452205401e-06,"ind"
"39","N_EmoVol","~","A_Rspct",-0.336101362478397,0.103658147551905,-3.24240178332436,0.00118526794353646,"ind"
"39","A_Rspct","~","E_EnerLevlag",-0.395745352441812,0.102729855576447,-3.85229152928496,0.000117017589052582,"ind"
"39","A_Rspct","~","A_Cmpn",0.340998826727999,0.106217510583088,3.21038240169688,0.00132558495962254,"ind"
"39","N_Depr","~","E_EnerLev",-0.339987693080984,0.0862841359179117,-3.94032679894296,8.13706828952654e-05,"ind"
"39","N_Anxty","~","N_EmoVol",0.563488098660473,0.0898809718009085,6.26927020669771,3.62744279058802e-10,"ind"
"39","E_Scblty","~","E_EnerLev",0.335923623803755,0.118193189928212,2.84215718357199,0.0044809393236116,"ind"
"39","N_Depr","~","E_Scbltylag",0.265488139254841,0.0846099350841384,3.13778918505058,0.00170227261546163,"ind"
"39","N_Depr","~","N_Anxty",0.436582103608984,0.0957491950860799,4.55964254546987,5.12407656905189e-06,"ind"
"40","E_Scblty","~","E_Scbltylag",0.183226224776472,0.118958924816557,1.54024782133009,0.123499957243251,"group"
"40","E_EnerLev","~","E_EnerLevlag",0.144249239945148,0.1026886410503,1.40472440252171,0.160103246453233,"group"
"40","A_Cmpn","~","A_Cmpnlag",0.314541560098383,0.107151533882259,2.93548350361468,0.00333028318435358,"group"
"40","A_Rspct","~","A_Rspctlag",-0.177836947060774,0.10139370905161,-1.75392486106069,0.0794433830217607,"group"
"40","N_Depr","~","N_Deprlag",0.0468601125006281,0.122821161336785,0.381531260497808,0.702809079684597,"group"
"40","N_Anxty","~","N_Anxtylag",-0.057427586184585,0.12268563583119,-0.468087284998894,0.63972217163566,"group"
"40","N_EmoVol","~","N_EmoVollag",-0.113601375867359,0.108851086961624,-1.04364025236982,0.296651862306319,"group"
"40","C_Prdctv","~","C_Prdctvlag",-0.146499134770488,0.100920016545802,-1.45163605580663,0.146602827774766,"group"
"40","C_Rspnbl","~","C_Rspnbllag",-0.0987828152159203,0.123749309593936,-0.798249424906372,0.424725760824931,"group"
"40","C_Prdctv","~","C_Rspnbl",0.570161673656295,0.0861778827140312,6.61610213316905,3.68793884319984e-11,"ind"
"40","A_Rspct","~","E_EnerLev",0.460251801978401,0.0930331423654497,4.94718108274205,7.52959246508311e-07,"ind"
"40","N_EmoVol","~","N_Depr",0.446498349798351,0.0980183645431976,4.55525198649458,5.23228170612455e-06,"ind"
"40","C_Rspnbl","~","A_Cmpnlag",0.443002564527668,0.0977590201702126,4.53157738034133,5.85448842738145e-06,"ind"
"40","E_EnerLev","~","E_Scblty",0.438290319065526,0.093424000883529,4.69141028986694,2.71328238521384e-06,"ind"
"40","E_EnerLev","~","N_Anxty",0.337683483282807,0.0950051396552969,3.5543706846599,0.000378884784480782,"ind"
"40","A_Rspct","~","N_EmoVol",-0.288906887396485,0.0989125729755967,-2.92083077717292,0.00349099390553809,"ind"
"40","A_Cmpn","~","C_Prdctvlag",0.302953931579913,0.107568135953075,2.81639101482686,0.00485665176188266,"ind"
"40","C_Prdctv","~","N_EmoVollag",-0.265384549598978,0.0968614124395025,-2.73983770125933,0.00614695300724533,"ind"
"40","C_Rspnbl","~","C_Prdctvlag",0.311504482041403,0.121065759407186,2.57301885823642,0.0100815714276485,"ind"
"41","E_Scblty","~","E_Scbltylag",0.0729990284851252,0.148276972881062,0.492315341126368,0.622496436673442,"group"
"41","E_EnerLev","~","E_EnerLevlag",-0.276103309009083,0.11901569990574,-2.31988980636803,0.0203468391561157,"group"
"41","A_Cmpn","~","A_Cmpnlag",-0.0883519618998073,0.131221822133088,-0.673302355230204,0.500754954703864,"group"
"41","A_Rspct","~","A_Rspctlag",0.0551369693698864,0.148617883658529,0.370998213758524,0.710638862140183,"group"
"41","N_Depr","~","N_Deprlag",-0.21102942055394,0.134560545869609,-1.56828600233555,0.11681440116286,"group"
"41","N_Anxty","~","N_Anxtylag",0.0814251859585341,0.148082791655202,0.54986258057672,0.582413631431936,"group"
"41","N_EmoVol","~","N_EmoVollag",-0.0588472903039944,0.137068192631365,-0.42932856393795,0.667684132523918,"group"
"41","C_Prdctv","~","C_Prdctvlag",-0.029615500324951,0.130565416712977,-0.226824997541691,0.82055982503687,"group"
"41","C_Rspnbl","~","C_Rspnbllag",0.175495356225004,0.144479723553409,1.21467117951766,0.224491528909884,"group"
"41","E_EnerLev","~","E_Scblty",0.514688380022883,0.106318056619369,4.84102509384201,1.2917105809418e-06,"ind"
"41","C_Prdctv","~","C_Rspnbl",0.485482089946756,0.114255046525127,4.24910850515465,2.14622947605214e-05,"ind"
"41","A_Cmpn","~","E_EnerLev",0.444138168944399,0.118169647976967,3.75847924190287,0.000170949217914718,"ind"
"41","N_EmoVol","~","N_Depr",0.376178305907633,0.126993382136564,2.96218826192932,0.00305460951475944,"ind"
"41","N_Depr","~","C_Rspnbl",-0.348669713703531,0.129049766578227,-2.70182366809765,0.00689603239641357,"ind"
"42","E_Scblty","~","E_Scbltylag",-0.0283713244749422,0.0982059080476042,-0.288896310201516,0.772660727430371,"group"
"42","E_EnerLev","~","E_EnerLevlag",-0.0695098368666903,0.112741720149579,-0.616540503147096,0.537537848509303,"group"
"42","A_Cmpn","~","A_Cmpnlag",-0.0762379597980347,0.096060762746223,-0.793643081925583,0.427403244340677,"group"
"42","A_Rspct","~","A_Rspctlag",0.034927623024687,0.0989022610074615,0.353152927636831,0.723973795351585,"group"
"42","N_Depr","~","N_Deprlag",-0.218656680327376,0.117174195606723,-1.86608219664048,0.0620298664002488,"group"
"42","N_Anxty","~","N_Anxtylag",-0.0864683178900099,0.115621637678906,-0.747855847969751,0.45454711152714,"group"
"42","N_EmoVol","~","N_EmoVollag",0.221812678875331,0.117035224739009,1.8952642622764,0.0580574002783785,"group"
"42","C_Prdctv","~","C_Prdctvlag",-0.00299798135654655,0.230829812752864,-0.0129878429514489,0.989637491963388,"group"
"42","C_Rspnbl","~","C_Rspnbllag",-0.242168513225437,0.118604415863171,-2.04181700540406,0.0411696867677935,"group"
"42","C_Rspnbl","~","C_Prdctv",1.07651783544572,0.184109651305764,5.84715590850734,5.00048780160967e-09,"ind"
"42","N_Depr","~","N_Anxty",0.560452778607294,0.0843105262001375,6.64748286918389,2.98148172817037e-11,"ind"
"42","A_Cmpn","~","N_Depr",-0.565831879277718,0.0795414288863557,-7.11367506467789,1.12998499446348e-12,"ind"
"42","E_Scblty","~","E_EnerLev",0.547589959540327,0.0819586001154575,6.68129956793942,2.36832775613038e-11,"ind"
"42","C_Prdctv","~","A_Cmpn",1.24277286867719,0.588121240238305,2.11312359365497,0.0345901907652897,"ind"
"42","N_Anxty","~","N_EmoVol",0.450609223473154,0.0931383249389964,4.8380644999606,1.31109598378032e-06,"ind"
"42","A_Rspct","~","E_EnerLev",0.531104096795297,0.0856377485852301,6.20175221288917,5.5837934276326e-10,"ind"
"42","A_Rspct","~","A_Cmpn",0.400444079205975,0.0929830796653167,4.30663385905622,1.65757638375119e-05,"ind"
"42","E_EnerLev","~","N_EmoVol",-0.412172606015,0.103036613926856,-4.00025379626311,6.32745869142415e-05,"ind"
"42","A_Cmpn","~","E_Scblty",-0.329020729617522,0.0935353874906946,-3.51760695544513,0.000435456824936509,"ind"
"42","N_Anxty","~","N_EmoVollag",0.334618613382263,0.111553466764154,2.99962540912972,0.00270311818939728,"ind"
"42","N_Depr","~","N_Anxtylag",0.333665777489627,0.117599760892088,2.83729979515694,0.00454968699426783,"ind"
"42","E_Scblty","~","C_Rspnbllag",0.269909074409995,0.0958806810719385,2.81505170168206,0.00487693871477046,"ind"
"42","C_Prdctv","~","C_Rspnbl",-1.47480631457286,1.09374714848862,-1.34839786015515,0.177530451862239,"ind"
"43","E_Scblty","~","E_Scbltylag",0.0941210514342565,0.128112194639769,0.734676755002987,0.462536380236347,"group"
"43","E_EnerLev","~","E_EnerLevlag",0.152446558876973,0.100748267386528,1.51314323145728,0.130243280364821,"group"
"43","A_Cmpn","~","A_Cmpnlag",0.157842566642553,0.143768404821379,1.09789467886675,0.272250481782123,"group"
"43","A_Rspct","~","A_Rspctlag",-0.180586782835511,0.103993221533504,-1.73652455585609,0.082471126333955,"group"
"43","N_Depr","~","N_Deprlag",0.00306780813244294,0.14744059959304,0.0208070785177935,0.983399551121766,"group"
"43","N_Anxty","~","N_Anxtylag",-0.0513659941843576,0.120705441781084,-0.425548288680448,0.670437027793061,"group"
"43","N_EmoVol","~","N_EmoVollag",0.0358813244125958,0.120785919443929,0.29706545744558,0.766416535545848,"group"
"43","C_Prdctv","~","C_Prdctvlag",0.0802132145887355,0.130239080390621,0.615892052893455,0.537965766975019,"group"
"43","C_Rspnbl","~","C_Rspnbllag",-0.140475932130531,0.108547642294014,-1.29414079533884,0.195616792448396,"group"
"43","C_Rspnbl","~","C_Prdctv",0.669312532265202,0.0818539684424503,8.176909989841,2.22044604925031e-16,"ind"
"43","A_Rspct","~","C_Rspnbl",0.498582345299703,0.0975007872589898,5.11362379029132,3.16036480318971e-07,"ind"
"43","A_Rspct","~","A_Cmpn",0.477108095776,0.0995053386613551,4.79479897455286,1.62838040429492e-06,"ind"
"43","E_EnerLev","~","C_Rspnbl",0.683058041145227,0.090130466257238,7.57854773762887,3.48610029732299e-14,"ind"
"43","N_Anxty","~","N_EmoVol",0.434722846524707,0.114379747848056,3.80069771706614,0.000144289234766282,"ind"
"43","N_EmoVol","~","N_Depr",0.452087846317112,0.11117825201276,4.0663334611991,4.77585860150231e-05,"ind"
"43","E_Scblty","~","C_Rspnbl",0.503415846696644,0.11083752223448,4.54192620466246,5.57425551295232e-06,"ind"
"43","C_Prdctv","~","N_Depr",-0.456540370548622,0.116226581737343,-3.92802028352123,8.56479889697059e-05,"ind"
"43","E_EnerLev","~","N_Anxty",0.497674398340638,0.100061945105999,4.97366304256263,6.56994674663736e-07,"ind"
"43","E_EnerLev","~","A_Cmpn",0.325219075443432,0.103704590199229,3.13601427688635,0.00171260866288248,"ind"
"43","N_Anxty","~","A_Rspct",-0.345048722238449,0.118334520484149,-2.91587544215105,0.00354692072042928,"ind"
"43","N_EmoVol","~","E_Scblty",-0.298090434115652,0.11846950083507,-2.51617869590458,0.0118635015670374,"ind"
"44","E_Scblty","~","E_Scbltylag",-0.0561402152798758,0.171094401817284,-0.328124209112519,0.742817750187956,"group"
"44","E_EnerLev","~","E_EnerLevlag",-0.129459280251815,0.170743459674128,-0.75820930710256,0.448325690374155,"group"
"44","A_Cmpn","~","A_Cmpnlag",-0.187643547236734,0.0995527207759215,-1.88486608677519,0.0594479197697175,"group"
"44","A_Rspct","~","A_Rspctlag",0.153849351984415,0.184509433600895,0.833829192263419,0.404377242651767,"group"
"44","N_Depr","~","N_Deprlag",0.384319609626826,0.137018395224013,2.80487600952046,0.0050335938811461,"group"
"44","N_Anxty","~","N_Anxtylag",0.306973827363723,0.171173672243674,1.79334720894888,0.0729174231507004,"group"
"44","N_EmoVol","~","N_EmoVollag",0.129806910122925,0.181675687339431,0.714497971764393,0.4749193098866,"group"
"44","C_Prdctv","~","C_Prdctvlag",0.0641009227192803,0.168220210920512,0.381053634212654,0.703163450997707,"group"
"44","C_Rspnbl","~","C_Rspnbllag",-0.643473568094071,0.222892554946979,-2.88692266211915,0.00389029841679966,"group"
"44","A_Cmpn","~","N_EmoVol",0.746835798315306,0.108496405125093,6.88350731486659,5.8395510649234e-12,"ind"
"44","C_Rspnbl","~","A_Rspct",-0.900739313096415,0.153298885590379,-5.87570685610351,4.21042822829065e-09,"ind"
"44","N_Depr","~","E_Scbltylag",-0.505909938422337,0.106123413315513,-4.76718494643804,1.86817804448403e-06,"ind"
"44","N_Depr","~","C_Rspnbl",-0.311497880665549,0.121535871024142,-2.56301187493587,0.0103768499302963,"ind"
"44","N_Depr","~","E_Scblty",-0.331905715541723,0.115470121222772,-2.87438613579863,0.00404813706912921,"ind"
"44","A_Cmpn","~","C_Prdctv",0.38827456361289,0.118416067117684,3.2789010230091,0.00104212179577767,"ind"
"44","C_Prdctv","~","N_Depr",-0.490136047268222,0.144303818245604,-3.39655632974322,0.000682395105156441,"ind"
"44","A_Cmpn","~","C_Rspnbl",-0.659356487972042,0.143478052026992,-4.59552160526962,4.31668060274504e-06,"ind"
"44","A_Cmpn","~","C_Prdctvlag",0.260743411817443,0.106479567870759,2.44876474455574,0.0143347040918622,"ind"
"44","E_EnerLev","~","A_Cmpn",0.366459389099244,0.175086827660431,2.09301518564245,0.0363477989901382,"ind"
"44","A_Cmpn","~","N_Depr",-0.452409000059657,0.138969088413471,-3.25546497587733,0.0011320685837668,"ind"
"44","N_Depr","~","A_Cmpn",0.422305590576399,0.147482188441675,2.86343452750844,0.00419075412911574,"ind"
"44","N_Depr","~","E_EnerLev",-0.281457643168543,0.121569176821525,-2.31520563458078,0.0206016810488834,"ind"
"44","C_Rspnbl","~","N_EmoVollag",0.488786360358261,0.156624819399712,3.12074652173014,0.0018039323689214,"ind"
"44","A_Cmpn","~","E_Scblty",-0.285654432911009,0.122402969022561,-2.33372143823046,0.0196103127838083,"ind"
"44","C_Rspnbl","~","A_Cmpn",0.669771015341115,0.222936824179424,3.00430858745018,0.00266185192489021,"ind"
"44","N_EmoVol","~","C_Rspnbl",-0.470234939835099,0.17178567250976,-2.73733503478518,0.00619391763550681,"ind"
"44","C_Rspnbl","~","A_Rspctlag",-0.399754068806629,0.198095642565037,-2.01798516933751,0.0435928059158048,"ind"
"44","N_EmoVol","~","N_Deprlag",-0.405539776081867,0.164308154026193,-2.4681658587511,0.0135807377639074,"ind"
"44","N_EmoVol","~","N_Anxty",0.375513170688601,0.15988773329131,2.34860525544151,0.0188438724075655,"ind"
"44","E_Scblty","~","C_Prdctvlag",-0.356506028077022,0.15219560301764,-2.34242002402462,0.0191591396762822,"ind"
"44","E_Scblty","~","A_Rspct",0.351988870723514,0.159013181853933,2.21358296601377,0.0268574801656318,"ind"
"44","N_Depr","~","N_EmoVollag",-0.212728834597449,0.113499493561611,-1.87427122291055,0.0608930517769359,"ind"
"46","E_Scblty","~","E_Scbltylag",-0.086922051700439,0.113880346285322,-0.76327526685474,0.445299249227561,"group"
"46","E_EnerLev","~","E_EnerLevlag",-0.0674863129019966,0.11136184976251,-0.606009266601782,0.544508599816072,"group"
"46","A_Cmpn","~","A_Cmpnlag",-0.0533783640469592,0.0994853714352291,-0.536544853548762,0.591582045337925,"group"
"46","A_Rspct","~","A_Rspctlag",-0.0683281484289288,0.120701743477877,-0.566090815759031,0.571332046335334,"group"
"46","N_Depr","~","N_Deprlag",0.194261846186734,0.0934517515988043,2.07873948709614,0.037641301494729,"group"
"46","N_Anxty","~","N_Anxtylag",-0.0430814518367844,0.11348980376821,-0.379606364680773,0.704237635550523,"group"
"46","N_EmoVol","~","N_EmoVollag",0.0390552989305807,0.104298269974205,0.374457782859101,0.708063760046167,"group"
"46","C_Prdctv","~","C_Prdctvlag",0.0120565579132686,0.121250139394953,0.0994354148657614,0.920792565090089,"group"
"46","C_Rspnbl","~","C_Rspnbllag",-0.231125541473008,0.105213943178567,-2.19671969788971,0.0280404711790636,"group"
"46","N_Depr","~","N_Anxty",0.629908870957833,0.0724344635006533,8.69625921854384,0,"ind"
"46","N_EmoVol","~","N_Depr",0.524897193353237,0.0866524563732397,6.05749929456515,1.38253941628363e-09,"ind"
"46","A_Cmpn","~","A_Rspct",0.451542923999425,0.0939727193249497,4.80504264687742,1.5471852272686e-06,"ind"
"46","C_Rspnbl","~","N_Depr",-0.420458250843642,0.0959580399163643,-4.38168861316996,1.17763034750418e-05,"ind"
"46","E_EnerLev","~","A_Cmpn",0.384658891107166,0.101586916500009,3.7865003128344,0.000152783903812681,"ind"
"46","E_Scblty","~","E_EnerLev",0.360785396752431,0.106576391374572,3.38522811758957,0.000711191243356613,"ind"
"46","N_Anxty","~","A_Rspct",-0.346711315263841,0.106523795058572,-3.25477809979641,0.00113480994506676,"ind"
"46","N_Depr","~","A_Rspctlag",0.278077905541797,0.0953762587019241,2.91558831648937,0.00355018612100366,"ind"
"46","A_Cmpn","~","N_EmoVol",-0.302617794162072,0.0998954091028637,-3.02934636215827,0.00245083524440148,"ind"
"49","E_Scblty","~","E_Scbltylag",0.107200094531088,0.15094346649156,0.710200295665545,0.477579937549932,"group"
"49","E_EnerLev","~","E_EnerLevlag",0.116522896260793,0.16440402420014,0.708759392160266,0.478473801345817,"group"
"49","A_Cmpn","~","A_Cmpnlag",-0.0613926313932664,0.166037716845472,-0.369751117755993,0.71156794025901,"group"
"49","A_Rspct","~","A_Rspctlag",-0.0879717645080131,0.149200493280984,-0.58962113712546,0.555444677563809,"group"
"49","N_Depr","~","N_Deprlag",0.139087248870369,0.0990922490851227,1.4036138058678,0.160433881747079,"group"
"49","N_Anxty","~","N_Anxtylag",0.135251008966868,0.139211832776289,0.971548224526391,0.331275350893109,"group"
"49","N_EmoVol","~","N_EmoVollag",-0.0245091264164703,0.120994320871537,-0.202564271115603,0.8394756185198,"group"
"49","C_Prdctv","~","C_Prdctvlag",-1.26018734898353,1.46767764691821,-0.858626791536708,0.39054645203178,"group"
"49","C_Rspnbl","~","C_Rspnbllag",-0.525020267144054,0.257069204792622,-2.04233045948692,0.0411187626456753,"group"
"49","N_Depr","~","E_EnerLev",-0.539562296717615,0.128245769647354,-4.20725220177856,2.58494604430393e-05,"ind"
"49","N_EmoVol","~","E_EnerLev",-0.664174200768329,0.0894533178717611,-7.42481348450908,1.13020703906841e-13,"ind"
"49","N_Anxty","~","C_Rspnbl",-0.554241770636158,0.115547071466271,-4.79667518702925,1.61320872527071e-06,"ind"
"49","C_Rspnbl","~","C_Prdctv",1.38916667654709,0.610515721463467,2.27539869606817,0.0228820235320262,"ind"
"49","A_Rspct","~","E_EnerLev",0.44850180510066,0.133740628382064,3.35351949909642,0.000797907915579321,"ind"
"49","E_Scblty","~","N_Depr",-0.457181597805158,0.134348623796099,-3.40294961635797,0.000666625722674175,"ind"
"49","N_EmoVol","~","N_Anxtylag",0.306884131322182,0.122601091031907,2.50311093269404,0.0123106950959295,"ind"
"49","N_Anxty","~","N_EmoVol",0.330679192748719,0.132902875133957,2.48812670467375,0.0128417972452419,"ind"
"49","N_Depr","~","N_EmoVol",0.297439219830454,0.134070568324337,2.21852732891311,0.0265188983305404,"ind"
"49","C_Prdctv","~","C_Rspnbl",-2.74739864799513,3.45577368810515,-0.795016947276305,0.426603644021141,"ind"
"50","E_Scblty","~","E_Scbltylag",-0.103317331021495,0.0869567731926028,-1.18814587096804,0.234775944904755,"group"
"50","E_EnerLev","~","E_EnerLevlag",-0.0504571501316763,0.0919518002330142,-0.548734771954581,0.583187479723707,"group"
"50","A_Cmpn","~","A_Cmpnlag",0.0238094617474537,0.0919170288071047,0.259032108157235,0.795610467003221,"group"
"50","A_Rspct","~","A_Rspctlag",-0.0882005171296808,0.0972952374418548,-0.906524506735397,0.364658299614376,"group"
"50","N_Depr","~","N_Deprlag",0.11012651491365,0.0872118453041815,1.26274721661427,0.206680039430203,"group"
"50","N_Anxty","~","N_Anxtylag",0.157483350717829,0.0956260740882295,1.64686621530156,0.0995855474864646,"group"
"50","N_EmoVol","~","N_EmoVollag",-0.0974482044784632,0.0936340084962835,-1.04073515641842,0.297998481959319,"group"
"50","C_Prdctv","~","C_Prdctvlag",0.0199141982014447,0.0946589618902195,0.210378370983406,0.833372372368338,"group"
"50","C_Rspnbl","~","C_Rspnbllag",-0.156058165060671,0.0895607982218301,-1.74248296307203,0.081423970060263,"group"
"50","E_Scblty","~","E_EnerLev",0.440169468117594,0.07850934546802,5.60658690368133,2.06355386112023e-08,"ind"
"50","N_Depr","~","N_Anxty",0.433909768625032,0.0791041197472902,5.4852992487777,4.12770071456237e-08,"ind"
"50","C_Rspnbl","~","E_EnerLev",0.349337986056109,0.0849781346807504,4.11091614764807,3.94092311528649e-05,"ind"
"50","E_EnerLev","~","N_Anxty",-0.348764731155893,0.0863049030792869,-4.04107667944994,5.32063561273777e-05,"ind"
"50","A_Cmpn","~","E_Scblty",0.348543142293348,0.0863133720925303,4.03811291163206,5.38829174741018e-05,"ind"
"50","N_EmoVol","~","N_Depr",0.28051445106681,0.0902633820853992,3.10773255539453,0.00188528591890269,"ind"
"50","C_Prdctv","~","E_Scblty",0.275373815031022,0.0911252873411066,3.02192534109904,0.00251172489024665,"ind"
"51","E_Scblty","~","E_Scbltylag",-0.0316672401879269,0.0961285600904247,-0.329425928757683,0.741833772192269,"group"
"51","E_EnerLev","~","E_EnerLevlag",-0.174374986316125,0.0932991877059699,-1.86898718631574,0.0616245971242024,"group"
"51","A_Cmpn","~","A_Cmpnlag",-0.087116492104069,0.092272985582704,-0.944116975883334,0.345109875325884,"group"
"51","A_Rspct","~","A_Rspctlag",-0.115072847707922,0.0924114917754801,-1.24522227157094,0.213050058102299,"group"
"51","N_Depr","~","N_Deprlag",0.167083736207048,0.0878753046591663,1.90137305190691,0.0572531666819494,"group"
"51","N_Anxty","~","N_Anxtylag",0.200975907566817,0.0885774207171697,2.26892932690532,0.0232726239700587,"group"
"51","N_EmoVol","~","N_EmoVollag",-0.144782206111116,0.0904349136281828,-1.60095476738529,0.109386937939586,"group"
"51","C_Prdctv","~","C_Prdctvlag",-0.0400681327146499,0.091330520860271,-0.438715692599095,0.660867554955666,"group"
"51","C_Rspnbl","~","C_Rspnbllag",0.0946952624473071,0.0953621337640971,0.993006958942008,0.3207065631923,"group"
"51","C_Prdctv","~","C_Rspnbl",0.313998872838815,0.0867838064801556,3.61817354612828,0.000296689431028119,"ind"
"51","N_Anxty","~","A_Rspct",0.299378893903626,0.0862157339281606,3.47243919715494,0.000515751825635347,"ind"
"51","N_EmoVol","~","N_Depr",0.295157492334071,0.0877414078500727,3.36394753134596,0.00076836149266013,"ind"
"51","N_Depr","~","A_Rspct",-0.259575929729521,0.0859123405538105,-3.02140446944217,0.00251605019677226,"ind"
"51","A_Cmpn","~","E_EnerLev",0.249979469448088,0.0896838714446203,2.78734030346193,0.00531426399823332,"ind"
"51","N_Depr","~","N_Anxtylag",0.22784194667161,0.0864808946880646,2.63459284843702,0.00842382612062798,"ind"
"51","A_Rspct","~","E_EnerLev",0.236557345846671,0.0903916583513806,2.61702628495982,0.00886995107106903,"ind"
